{
  "step": 28,
  "envmap_name": "dining_chair_02_env_2",
  "psnr": 9.980937957763672,
  "ssim": 0.611566960811615,
  "lpips": 0.57421875,
  "per_view": [
    {
      "view": 0,
      "psnr": 9.235431671142578,
      "ssim": 0.5825697779655457,
      "lpips": 0.67578125
    },
    {
      "view": 1,
      "psnr": 8.141027450561523,
      "ssim": 0.6175014972686768,
      "lpips": 0.4765625
    },
    {
      "view": 2,
      "psnr": 11.95132064819336,
      "ssim": 0.6361560225486755,
      "lpips": 0.55859375
    },
    {
      "view": 3,
      "psnr": 10.59597396850586,
      "ssim": 0.6100404262542725,
      "lpips": 0.58984375
    }
  ]
}