{
  "step": 33,
  "envmap_name": "Megaphone_01_env_0",
  "psnr": 9.73539924621582,
  "ssim": 0.6803929805755615,
  "lpips": 0.55859375,
  "per_view": [
    {
      "view": 0,
      "psnr": 9.431017875671387,
      "ssim": 0.7334201335906982,
      "lpips": 0.3984375
    },
    {
      "view": 1,
      "psnr": 10.473491668701172,
      "ssim": 0.6799535751342773,
      "lpips": 0.515625
    },
    {
      "view": 2,
      "psnr": 10.61090087890625,
      "ssim": 0.6726610064506531,
      "lpips": 0.5703125
    },
    {
      "view": 3,
      "psnr": 8.426185607910156,
      "ssim": 0.635537326335907,
      "lpips": 0.75
    }
  ]
}