{
  "step": 17,
  "envmap_name": "dining_chair_02_white_env_0",
  "psnr": 18.061927795410156,
  "ssim": 0.9104931354522705,
  "lpips": 0.150390625,
  "per_view": [
    {
      "view": 0,
      "psnr": 18.84317970275879,
      "ssim": 0.9173192381858826,
      "lpips": 0.13671875
    },
    {
      "view": 1,
      "psnr": 18.105207443237305,
      "ssim": 0.9085851311683655,
      "lpips": 0.150390625
    },
    {
      "view": 2,
      "psnr": 17.571199417114258,
      "ssim": 0.908816397190094,
      "lpips": 0.1572265625
    },
    {
      "view": 3,
      "psnr": 17.728120803833008,
      "ssim": 0.90725177526474,
      "lpips": 0.158203125
    }
  ]
}