{
  "step": 9,
  "envmap_name": "carved_wooden_plate_env_0",
  "psnr": 22.106300354003906,
  "ssim": 0.8586546778678894,
  "lpips": 0.1279296875,
  "per_view": [
    {
      "view": 0,
      "psnr": 22.90285873413086,
      "ssim": 0.8585365414619446,
      "lpips": 0.1259765625
    },
    {
      "view": 1,
      "psnr": 20.492820739746094,
      "ssim": 0.8467809557914734,
      "lpips": 0.1259765625
    },
    {
      "view": 2,
      "psnr": 22.332550048828125,
      "ssim": 0.8644618988037109,
      "lpips": 0.125
    },
    {
      "view": 3,
      "psnr": 22.69697380065918,
      "ssim": 0.8648393154144287,
      "lpips": 0.1357421875
    }
  ]
}