{
  "step": 19,
  "envmap_name": "dining_chair_02_env_2",
  "psnr": 16.849651336669922,
  "ssim": 0.8848328590393066,
  "lpips": 0.15625,
  "per_view": [
    {
      "view": 0,
      "psnr": 17.311269760131836,
      "ssim": 0.8893852233886719,
      "lpips": 0.1484375
    },
    {
      "view": 1,
      "psnr": 17.059356689453125,
      "ssim": 0.883251965045929,
      "lpips": 0.142578125
    },
    {
      "view": 2,
      "psnr": 16.489810943603516,
      "ssim": 0.8837764859199524,
      "lpips": 0.166015625
    },
    {
      "view": 3,
      "psnr": 16.538166046142578,
      "ssim": 0.8829177021980286,
      "lpips": 0.169921875
    }
  ]
}