{
  "step": 46,
  "envmap_name": "dining_chair_02_env_2",
  "psnr": 7.321343421936035,
  "ssim": 0.5475122928619385,
  "lpips": 0.7109375,
  "per_view": [
    {
      "view": 0,
      "psnr": 7.759093761444092,
      "ssim": 0.6318394541740417,
      "lpips": 0.703125
    },
    {
      "view": 1,
      "psnr": 7.810112953186035,
      "ssim": 0.5955252051353455,
      "lpips": 0.7421875
    },
    {
      "view": 2,
      "psnr": 6.4816670417785645,
      "ssim": 0.43687939643859863,
      "lpips": 0.71484375
    },
    {
      "view": 3,
      "psnr": 7.234499454498291,
      "ssim": 0.5258052349090576,
      "lpips": 0.6796875
    }
  ]
}