{
  "step": 44,
  "envmap_name": "dining_chair_02_white_env_0",
  "psnr": 7.763693332672119,
  "ssim": 0.5752851963043213,
  "lpips": 0.703125,
  "per_view": [
    {
      "view": 0,
      "psnr": 8.248509407043457,
      "ssim": 0.63458651304245,
      "lpips": 0.6875
    },
    {
      "view": 1,
      "psnr": 8.756817817687988,
      "ssim": 0.6185640692710876,
      "lpips": 0.72265625
    },
    {
      "view": 2,
      "psnr": 6.769848346710205,
      "ssim": 0.48354586958885193,
      "lpips": 0.72265625
    },
    {
      "view": 3,
      "psnr": 7.279597282409668,
      "ssim": 0.5644443035125732,
      "lpips": 0.67578125
    }
  ]
}