{
  "step": 38,
  "envmap_name": "ornate_medieval_dagger_white_env_0",
  "psnr": 14.064146995544434,
  "ssim": 0.765814483165741,
  "lpips": 0.458984375,
  "per_view": [
    {
      "view": 0,
      "psnr": 8.489242553710938,
      "ssim": 0.625634491443634,
      "lpips": 0.6953125
    },
    {
      "view": 1,
      "psnr": 10.77953815460205,
      "ssim": 0.6437620520591736,
      "lpips": 0.5390625
    },
    {
      "view": 2,
      "psnr": 18.419191360473633,
      "ssim": 0.888655960559845,
      "lpips": 0.353515625
    },
    {
      "view": 3,
      "psnr": 18.568618774414062,
      "ssim": 0.9052054286003113,
      "lpips": 0.25
    }
  ]
}