{
  "step": 44,
  "envmap_name": "ornate_medieval_dagger_white_env_0",
  "psnr": 11.574552536010742,
  "ssim": 0.6490735411643982,
  "lpips": 0.6484375,
  "per_view": [
    {
      "view": 0,
      "psnr": 9.969792366027832,
      "ssim": 0.6906896233558655,
      "lpips": 0.68359375
    },
    {
      "view": 1,
      "psnr": 8.994508743286133,
      "ssim": 0.650165855884552,
      "lpips": 0.671875
    },
    {
      "view": 2,
      "psnr": 9.360248565673828,
      "ssim": 0.5457947850227356,
      "lpips": 0.7421875
    },
    {
      "view": 3,
      "psnr": 17.973657608032227,
      "ssim": 0.7096439003944397,
      "lpips": 0.48828125
    }
  ]
}