{
  "step": 34,
  "envmap_name": "Megaphone_01_env_1",
  "psnr": 11.172673225402832,
  "ssim": 0.6802818179130554,
  "lpips": 0.55859375,
  "per_view": [
    {
      "view": 0,
      "psnr": 12.299259185791016,
      "ssim": 0.7733995318412781,
      "lpips": 0.39453125
    },
    {
      "view": 1,
      "psnr": 12.71445083618164,
      "ssim": 0.6570634841918945,
      "lpips": 0.54296875
    },
    {
      "view": 2,
      "psnr": 11.969367980957031,
      "ssim": 0.6747493743896484,
      "lpips": 0.56640625
    },
    {
      "view": 3,
      "psnr": 7.707615375518799,
      "ssim": 0.6159147620201111,
      "lpips": 0.734375
    }
  ]
}