{
  "step": 36,
  "envmap_name": "Megaphone_01_env_0",
  "psnr": 9.780355453491211,
  "ssim": 0.6276575326919556,
  "lpips": 0.6171875,
  "per_view": [
    {
      "view": 0,
      "psnr": 9.716530799865723,
      "ssim": 0.7270410060882568,
      "lpips": 0.4375
    },
    {
      "view": 1,
      "psnr": 11.463422775268555,
      "ssim": 0.5828418135643005,
      "lpips": 0.61328125
    },
    {
      "view": 2,
      "psnr": 10.735812187194824,
      "ssim": 0.6100553870201111,
      "lpips": 0.6484375
    },
    {
      "view": 3,
      "psnr": 7.205654144287109,
      "ssim": 0.5906919836997986,
      "lpips": 0.765625
    }
  ]
}