{
  "step": 1,
  "envmap_name": "ornate_medieval_dagger_env_1",
  "psnr": 35.47834777832031,
  "ssim": 0.9930270910263062,
  "lpips": 0.00921630859375,
  "per_view": [
    {
      "view": 0,
      "psnr": 37.527320861816406,
      "ssim": 0.9960533976554871,
      "lpips": 0.00762939453125
    },
    {
      "view": 1,
      "psnr": 35.336326599121094,
      "ssim": 0.9941673874855042,
      "lpips": 0.0096435546875
    },
    {
      "view": 2,
      "psnr": 34.18461608886719,
      "ssim": 0.9900012016296387,
      "lpips": 0.0107421875
    },
    {
      "view": 3,
      "psnr": 34.8651237487793,
      "ssim": 0.9918864369392395,
      "lpips": 0.00885009765625
    }
  ]
}