{
  "step": 38,
  "envmap_name": "carved_wooden_plate_white_env_0",
  "psnr": 18.64132308959961,
  "ssim": 0.7602169513702393,
  "lpips": 0.2158203125,
  "per_view": [
    {
      "view": 0,
      "psnr": 18.228769302368164,
      "ssim": 0.7561084628105164,
      "lpips": 0.2138671875
    },
    {
      "view": 1,
      "psnr": 18.784536361694336,
      "ssim": 0.7587857842445374,
      "lpips": 0.22265625
    },
    {
      "view": 2,
      "psnr": 18.86875343322754,
      "ssim": 0.7643635869026184,
      "lpips": 0.2109375
    },
    {
      "view": 3,
      "psnr": 18.68323516845703,
      "ssim": 0.7616100311279297,
      "lpips": 0.21484375
    }
  ]
}