{
  "step": 25,
  "envmap_name": "dining_chair_02_env_2",
  "psnr": 10.94549560546875,
  "ssim": 0.7071859836578369,
  "lpips": 0.3515625,
  "per_view": [
    {
      "view": 0,
      "psnr": 8.995591163635254,
      "ssim": 0.6984667181968689,
      "lpips": 0.3671875
    },
    {
      "view": 1,
      "psnr": 8.438947677612305,
      "ssim": 0.6423491835594177,
      "lpips": 0.42578125
    },
    {
      "view": 2,
      "psnr": 14.619852066040039,
      "ssim": 0.7729577422142029,
      "lpips": 0.28125
    },
    {
      "view": 3,
      "psnr": 11.727591514587402,
      "ssim": 0.7149702906608582,
      "lpips": 0.328125
    }
  ]
}