{
  "step": 39,
  "envmap_name": "dining_chair_02_env_1",
  "psnr": 8.088519096374512,
  "ssim": 0.5279693603515625,
  "lpips": 0.703125,
  "per_view": [
    {
      "view": 0,
      "psnr": 9.018753051757812,
      "ssim": 0.5218421816825867,
      "lpips": 0.671875
    },
    {
      "view": 1,
      "psnr": 8.702927589416504,
      "ssim": 0.5624707341194153,
      "lpips": 0.6875
    },
    {
      "view": 2,
      "psnr": 6.9644880294799805,
      "ssim": 0.47149857878685,
      "lpips": 0.73828125
    },
    {
      "view": 3,
      "psnr": 7.667908668518066,
      "ssim": 0.5560657978057861,
      "lpips": 0.71875
    }
  ]
}