{
  "step": 49,
  "envmap_name": "dining_chair_02_env_2",
  "psnr": 15.675593376159668,
  "ssim": 0.8046326637268066,
  "lpips": 0.2138671875,
  "per_view": [
    {
      "view": 0,
      "psnr": 16.496522903442383,
      "ssim": 0.824765145778656,
      "lpips": 0.1982421875
    },
    {
      "view": 1,
      "psnr": 15.717382431030273,
      "ssim": 0.8009853959083557,
      "lpips": 0.2099609375
    },
    {
      "view": 2,
      "psnr": 15.205344200134277,
      "ssim": 0.7974178194999695,
      "lpips": 0.2275390625
    },
    {
      "view": 3,
      "psnr": 15.283124923706055,
      "ssim": 0.7953622937202454,
      "lpips": 0.2197265625
    }
  ]
}