{
  "step": 20,
  "envmap_name": "Megaphone_01_white_env_0",
  "psnr": 13.06541919708252,
  "ssim": 0.7935768961906433,
  "lpips": 0.353515625,
  "per_view": [
    {
      "view": 0,
      "psnr": 13.085627555847168,
      "ssim": 0.7647368907928467,
      "lpips": 0.46875
    },
    {
      "view": 1,
      "psnr": 12.583712577819824,
      "ssim": 0.7971696853637695,
      "lpips": 0.337890625
    },
    {
      "view": 2,
      "psnr": 13.059430122375488,
      "ssim": 0.8041707873344421,
      "lpips": 0.31640625
    },
    {
      "view": 3,
      "psnr": 13.532906532287598,
      "ssim": 0.8082301616668701,
      "lpips": 0.2890625
    }
  ]
}