{
  "step": 26,
  "envmap_name": "dining_chair_02_white_env_0",
  "psnr": 17.187091827392578,
  "ssim": 0.8903341889381409,
  "lpips": 0.1767578125,
  "per_view": [
    {
      "view": 0,
      "psnr": 17.935836791992188,
      "ssim": 0.8982744216918945,
      "lpips": 0.1640625
    },
    {
      "view": 1,
      "psnr": 17.092411041259766,
      "ssim": 0.8877245783805847,
      "lpips": 0.17578125
    },
    {
      "view": 2,
      "psnr": 16.797454833984375,
      "ssim": 0.8888106346130371,
      "lpips": 0.1845703125
    },
    {
      "view": 3,
      "psnr": 16.92266845703125,
      "ssim": 0.8865270614624023,
      "lpips": 0.181640625
    }
  ]
}