{
  "step": 41,
  "envmap_name": "dining_chair_02_white_env_0",
  "psnr": 16.401037216186523,
  "ssim": 0.8365665078163147,
  "lpips": 0.19921875,
  "per_view": [
    {
      "view": 0,
      "psnr": 17.32832145690918,
      "ssim": 0.8567352890968323,
      "lpips": 0.1865234375
    },
    {
      "view": 1,
      "psnr": 16.264789581298828,
      "ssim": 0.8282067179679871,
      "lpips": 0.19921875
    },
    {
      "view": 2,
      "psnr": 15.945292472839355,
      "ssim": 0.8301088213920593,
      "lpips": 0.2099609375
    },
    {
      "view": 3,
      "psnr": 16.06574821472168,
      "ssim": 0.8312152028083801,
      "lpips": 0.2001953125
    }
  ]
}