{
  "step": 28,
  "envmap_name": "carved_wooden_plate_env_2",
  "psnr": 19.668800354003906,
  "ssim": 0.7771487236022949,
  "lpips": 0.197265625,
  "per_view": [
    {
      "view": 0,
      "psnr": 19.300621032714844,
      "ssim": 0.7732979655265808,
      "lpips": 0.1962890625
    },
    {
      "view": 1,
      "psnr": 19.73810577392578,
      "ssim": 0.7769621014595032,
      "lpips": 0.201171875
    },
    {
      "view": 2,
      "psnr": 19.924205780029297,
      "ssim": 0.7810030579566956,
      "lpips": 0.1943359375
    },
    {
      "view": 3,
      "psnr": 19.712270736694336,
      "ssim": 0.7773316502571106,
      "lpips": 0.1982421875
    }
  ]
}