{
  "step": 39,
  "envmap_name": "ornate_medieval_dagger_env_0",
  "psnr": 12.152694702148438,
  "ssim": 0.7602619528770447,
  "lpips": 0.484375,
  "per_view": [
    {
      "view": 0,
      "psnr": 8.419004440307617,
      "ssim": 0.667990505695343,
      "lpips": 0.69140625
    },
    {
      "view": 1,
      "psnr": 10.128902435302734,
      "ssim": 0.6207775473594666,
      "lpips": 0.5859375
    },
    {
      "view": 2,
      "psnr": 14.968294143676758,
      "ssim": 0.8641670346260071,
      "lpips": 0.390625
    },
    {
      "view": 3,
      "psnr": 15.094576835632324,
      "ssim": 0.8881127238273621,
      "lpips": 0.271484375
    }
  ]
}