{
  "step": 45,
  "envmap_name": "carved_wooden_plate_env_0",
  "psnr": 17.66104507446289,
  "ssim": 0.7454643249511719,
  "lpips": 0.2158203125,
  "per_view": [
    {
      "view": 0,
      "psnr": 17.619953155517578,
      "ssim": 0.7434377074241638,
      "lpips": 0.212890625
    },
    {
      "view": 1,
      "psnr": 16.746549606323242,
      "ssim": 0.7380795478820801,
      "lpips": 0.21875
    },
    {
      "view": 2,
      "psnr": 18.11104393005371,
      "ssim": 0.751577615737915,
      "lpips": 0.2109375
    },
    {
      "view": 3,
      "psnr": 18.16663360595703,
      "ssim": 0.748762309551239,
      "lpips": 0.2216796875
    }
  ]
}