{
  "step": 30,
  "envmap_name": "ornate_medieval_dagger_env_0",
  "psnr": 14.760284423828125,
  "ssim": 0.7800537347793579,
  "lpips": 0.373046875,
  "per_view": [
    {
      "view": 0,
      "psnr": 13.234911918640137,
      "ssim": 0.7448744773864746,
      "lpips": 0.478515625
    },
    {
      "view": 1,
      "psnr": 13.595343589782715,
      "ssim": 0.7532469630241394,
      "lpips": 0.33203125
    },
    {
      "view": 2,
      "psnr": 15.848329544067383,
      "ssim": 0.845963716506958,
      "lpips": 0.29296875
    },
    {
      "view": 3,
      "psnr": 16.3625545501709,
      "ssim": 0.7761296629905701,
      "lpips": 0.390625
    }
  ]
}