{
  "step": 20,
  "envmap_name": "dining_chair_02_white_env_0",
  "psnr": 17.67206573486328,
  "ssim": 0.904727578163147,
  "lpips": 0.1591796875,
  "per_view": [
    {
      "view": 0,
      "psnr": 18.47030258178711,
      "ssim": 0.9116477966308594,
      "lpips": 0.14453125
    },
    {
      "view": 1,
      "psnr": 17.645919799804688,
      "ssim": 0.9031603336334229,
      "lpips": 0.158203125
    },
    {
      "view": 2,
      "psnr": 17.20195960998535,
      "ssim": 0.9026775360107422,
      "lpips": 0.166015625
    },
    {
      "view": 3,
      "psnr": 17.370079040527344,
      "ssim": 0.9014245867729187,
      "lpips": 0.1669921875
    }
  ]
}