{
  "step": 35,
  "envmap_name": "dining_chair_02_white_env_0",
  "psnr": 17.071979522705078,
  "ssim": 0.8662683367729187,
  "lpips": 0.189453125,
  "per_view": [
    {
      "view": 0,
      "psnr": 17.688173294067383,
      "ssim": 0.8779070973396301,
      "lpips": 0.1748046875
    },
    {
      "view": 1,
      "psnr": 16.88544464111328,
      "ssim": 0.8579604029655457,
      "lpips": 0.19140625
    },
    {
      "view": 2,
      "psnr": 16.788095474243164,
      "ssim": 0.8653378486633301,
      "lpips": 0.2001953125
    },
    {
      "view": 3,
      "psnr": 16.92620277404785,
      "ssim": 0.8638680577278137,
      "lpips": 0.193359375
    }
  ]
}