{
  "step": 6,
  "envmap_name": "dining_chair_02_env_1",
  "psnr": 23.709293365478516,
  "ssim": 0.9103367328643799,
  "lpips": 0.10107421875,
  "per_view": [
    {
      "view": 0,
      "psnr": 23.787479400634766,
      "ssim": 0.9178999066352844,
      "lpips": 0.0966796875
    },
    {
      "view": 1,
      "psnr": 24.031932830810547,
      "ssim": 0.9044570326805115,
      "lpips": 0.09912109375
    },
    {
      "view": 2,
      "psnr": 23.478858947753906,
      "ssim": 0.9103241562843323,
      "lpips": 0.10400390625
    },
    {
      "view": 3,
      "psnr": 23.538902282714844,
      "ssim": 0.9086658358573914,
      "lpips": 0.1044921875
    }
  ]
}