{
  "step": 16,
  "envmap_name": "carved_wooden_plate_env_2",
  "psnr": 22.84056854248047,
  "ssim": 0.8368957042694092,
  "lpips": 0.1552734375,
  "per_view": [
    {
      "view": 0,
      "psnr": 23.249134063720703,
      "ssim": 0.8442144393920898,
      "lpips": 0.146484375
    },
    {
      "view": 1,
      "psnr": 22.45362091064453,
      "ssim": 0.8352496027946472,
      "lpips": 0.158203125
    },
    {
      "view": 2,
      "psnr": 22.87787437438965,
      "ssim": 0.8352834582328796,
      "lpips": 0.15625
    },
    {
      "view": 3,
      "psnr": 22.781648635864258,
      "ssim": 0.8328352570533752,
      "lpips": 0.16015625
    }
  ]
}