{
  "step": 35,
  "envmap_name": "dining_chair_02_white_env_0",
  "psnr": 8.553176879882812,
  "ssim": 0.6030270457267761,
  "lpips": 0.65625,
  "per_view": [
    {
      "view": 0,
      "psnr": 8.832468032836914,
      "ssim": 0.5942424535751343,
      "lpips": 0.6796875
    },
    {
      "view": 1,
      "psnr": 9.09378433227539,
      "ssim": 0.648280918598175,
      "lpips": 0.55859375
    },
    {
      "view": 2,
      "psnr": 7.829909324645996,
      "ssim": 0.5572420954704285,
      "lpips": 0.703125
    },
    {
      "view": 3,
      "psnr": 8.456543922424316,
      "ssim": 0.6123425960540771,
      "lpips": 0.69140625
    }
  ]
}