{
  "step": 0,
  "envmap_name": "carved_wooden_plate_env_0",
  "psnr": 21.82875633239746,
  "ssim": 0.8651507496833801,
  "lpips": 0.08837890625,
  "per_view": [
    {
      "view": 0,
      "psnr": 22.463489532470703,
      "ssim": 0.8653030395507812,
      "lpips": 0.07958984375
    },
    {
      "view": 1,
      "psnr": 20.771615982055664,
      "ssim": 0.8545083999633789,
      "lpips": 0.10302734375
    },
    {
      "view": 2,
      "psnr": 21.998668670654297,
      "ssim": 0.870032012462616,
      "lpips": 0.0869140625
    },
    {
      "view": 3,
      "psnr": 22.08125114440918,
      "ssim": 0.8707594871520996,
      "lpips": 0.083984375
    }
  ]
}