{
  "step": 15,
  "envmap_name": "carved_wooden_plate_env_0",
  "psnr": 21.910179138183594,
  "ssim": 0.8394330143928528,
  "lpips": 0.154296875,
  "per_view": [
    {
      "view": 0,
      "psnr": 22.76810646057129,
      "ssim": 0.838813304901123,
      "lpips": 0.1494140625
    },
    {
      "view": 1,
      "psnr": 20.456972122192383,
      "ssim": 0.8267480731010437,
      "lpips": 0.15234375
    },
    {
      "view": 2,
      "psnr": 22.08844757080078,
      "ssim": 0.8450658917427063,
      "lpips": 0.15234375
    },
    {
      "view": 3,
      "psnr": 22.327192306518555,
      "ssim": 0.8471047878265381,
      "lpips": 0.1630859375
    }
  ]
}