{
  "step": 43,
  "envmap_name": "dining_chair_02_env_2",
  "psnr": 7.397195339202881,
  "ssim": 0.5314590334892273,
  "lpips": 0.703125,
  "per_view": [
    {
      "view": 0,
      "psnr": 7.827199935913086,
      "ssim": 0.5788732171058655,
      "lpips": 0.6953125
    },
    {
      "view": 1,
      "psnr": 8.3953275680542,
      "ssim": 0.5543916821479797,
      "lpips": 0.6953125
    },
    {
      "view": 2,
      "psnr": 6.370176315307617,
      "ssim": 0.46138623356819153,
      "lpips": 0.7265625
    },
    {
      "view": 3,
      "psnr": 6.996078968048096,
      "ssim": 0.53118497133255,
      "lpips": 0.69140625
    }
  ]
}