{
  "step": 33,
  "envmap_name": "dining_chair_02_env_1",
  "psnr": 8.167741775512695,
  "ssim": 0.557583749294281,
  "lpips": 0.6796875,
  "per_view": [
    {
      "view": 0,
      "psnr": 7.834267616271973,
      "ssim": 0.5317825675010681,
      "lpips": 0.7109375
    },
    {
      "view": 1,
      "psnr": 8.731108665466309,
      "ssim": 0.5873203277587891,
      "lpips": 0.5625
    },
    {
      "view": 2,
      "psnr": 7.682391166687012,
      "ssim": 0.5388297438621521,
      "lpips": 0.734375
    },
    {
      "view": 3,
      "psnr": 8.423199653625488,
      "ssim": 0.57240229845047,
      "lpips": 0.71484375
    }
  ]
}