{
  "step": 10,
  "envmap_name": "carved_wooden_plate_env_2",
  "psnr": 24.4466552734375,
  "ssim": 0.8746755123138428,
  "lpips": 0.1259765625,
  "per_view": [
    {
      "view": 0,
      "psnr": 24.43210220336914,
      "ssim": 0.8831686973571777,
      "lpips": 0.119140625
    },
    {
      "view": 1,
      "psnr": 24.572093963623047,
      "ssim": 0.8707525134086609,
      "lpips": 0.1298828125
    },
    {
      "view": 2,
      "psnr": 24.40036964416504,
      "ssim": 0.8708429932594299,
      "lpips": 0.1279296875
    },
    {
      "view": 3,
      "psnr": 24.382055282592773,
      "ssim": 0.8739378452301025,
      "lpips": 0.126953125
    }
  ]
}