{
  "step": 18,
  "envmap_name": "dining_chair_02_env_1",
  "psnr": 14.462337493896484,
  "ssim": 0.7756334543228149,
  "lpips": 0.17578125,
  "per_view": [
    {
      "view": 0,
      "psnr": 12.21764087677002,
      "ssim": 0.7569325566291809,
      "lpips": 0.1962890625
    },
    {
      "view": 1,
      "psnr": 11.813459396362305,
      "ssim": 0.7229589819908142,
      "lpips": 0.22265625
    },
    {
      "view": 2,
      "psnr": 17.43729019165039,
      "ssim": 0.824432373046875,
      "lpips": 0.138671875
    },
    {
      "view": 3,
      "psnr": 16.380958557128906,
      "ssim": 0.7982098460197449,
      "lpips": 0.14453125
    }
  ]
}