{
  "step": 17,
  "envmap_name": "carved_wooden_plate_white_env_0",
  "psnr": 23.398738861083984,
  "ssim": 0.843025803565979,
  "lpips": 0.171875,
  "per_view": [
    {
      "view": 0,
      "psnr": 23.727476119995117,
      "ssim": 0.8458216190338135,
      "lpips": 0.1669921875
    },
    {
      "view": 1,
      "psnr": 22.85144805908203,
      "ssim": 0.8411356806755066,
      "lpips": 0.177734375
    },
    {
      "view": 2,
      "psnr": 23.57381820678711,
      "ssim": 0.84515380859375,
      "lpips": 0.1669921875
    },
    {
      "view": 3,
      "psnr": 23.442209243774414,
      "ssim": 0.8399920463562012,
      "lpips": 0.17578125
    }
  ]
}