{
  "step": 49,
  "envmap_name": "carved_wooden_plate_env_2",
  "psnr": 15.743854522705078,
  "ssim": 0.7349883913993835,
  "lpips": 0.22265625,
  "per_view": [
    {
      "view": 0,
      "psnr": 15.430268287658691,
      "ssim": 0.73199063539505,
      "lpips": 0.22265625
    },
    {
      "view": 1,
      "psnr": 15.799349784851074,
      "ssim": 0.7315365672111511,
      "lpips": 0.2314453125
    },
    {
      "view": 2,
      "psnr": 15.889476776123047,
      "ssim": 0.7393520474433899,
      "lpips": 0.21484375
    },
    {
      "view": 3,
      "psnr": 15.8563232421875,
      "ssim": 0.7370743751525879,
      "lpips": 0.2236328125
    }
  ]
}