{
  "step": 5,
  "envmap_name": "dining_chair_02_white_env_0",
  "psnr": 33.59953308105469,
  "ssim": 0.9790802001953125,
  "lpips": 0.027587890625,
  "per_view": [
    {
      "view": 0,
      "psnr": 32.368751525878906,
      "ssim": 0.9722769260406494,
      "lpips": 0.03173828125
    },
    {
      "view": 1,
      "psnr": 32.827545166015625,
      "ssim": 0.9766785502433777,
      "lpips": 0.02734375
    },
    {
      "view": 2,
      "psnr": 34.94149398803711,
      "ssim": 0.9849415421485901,
      "lpips": 0.024169921875
    },
    {
      "view": 3,
      "psnr": 34.26034927368164,
      "ssim": 0.982423722743988,
      "lpips": 0.027099609375
    }
  ]
}