{
  "step": 36,
  "envmap_name": "ornate_medieval_dagger_env_0",
  "psnr": 12.830063819885254,
  "ssim": 0.7692728042602539,
  "lpips": 0.400390625,
  "per_view": [
    {
      "view": 0,
      "psnr": 9.31301212310791,
      "ssim": 0.5812157988548279,
      "lpips": 0.66015625
    },
    {
      "view": 1,
      "psnr": 12.270125389099121,
      "ssim": 0.6859490275382996,
      "lpips": 0.4140625
    },
    {
      "view": 2,
      "psnr": 14.682201385498047,
      "ssim": 0.9098789691925049,
      "lpips": 0.2578125
    },
    {
      "view": 3,
      "psnr": 15.054917335510254,
      "ssim": 0.9000473022460938,
      "lpips": 0.26953125
    }
  ]
}