{
  "step": 18,
  "envmap_name": "ornate_medieval_dagger_env_0",
  "psnr": 21.937435150146484,
  "ssim": 0.9411012530326843,
  "lpips": 0.0478515625,
  "per_view": [
    {
      "view": 0,
      "psnr": 15.764892578125,
      "ssim": 0.9146337509155273,
      "lpips": 0.07861328125
    },
    {
      "view": 1,
      "psnr": 15.317963600158691,
      "ssim": 0.8964967727661133,
      "lpips": 0.072265625
    },
    {
      "view": 2,
      "psnr": 30.2486572265625,
      "ssim": 0.9812520146369934,
      "lpips": 0.016357421875
    },
    {
      "view": 3,
      "psnr": 26.418224334716797,
      "ssim": 0.972022533416748,
      "lpips": 0.0240478515625
    }
  ]
}