{
  "step": 14,
  "envmap_name": "dining_chair_02_white_env_0",
  "psnr": 19.11594009399414,
  "ssim": 0.9208822250366211,
  "lpips": 0.142578125,
  "per_view": [
    {
      "view": 0,
      "psnr": 19.767345428466797,
      "ssim": 0.9267248511314392,
      "lpips": 0.12890625
    },
    {
      "view": 1,
      "psnr": 19.052156448364258,
      "ssim": 0.9191095232963562,
      "lpips": 0.142578125
    },
    {
      "view": 2,
      "psnr": 18.76980972290039,
      "ssim": 0.9203053116798401,
      "lpips": 0.1484375
    },
    {
      "view": 3,
      "psnr": 18.87445068359375,
      "ssim": 0.9173893332481384,
      "lpips": 0.1494140625
    }
  ]
}