{
  "step": 28,
  "envmap_name": "Megaphone_01_env_1",
  "psnr": 13.676288604736328,
  "ssim": 0.7489572167396545,
  "lpips": 0.53125,
  "per_view": [
    {
      "view": 0,
      "psnr": 13.04642105102539,
      "ssim": 0.6761042475700378,
      "lpips": 0.6171875
    },
    {
      "view": 1,
      "psnr": 13.926889419555664,
      "ssim": 0.7613793015480042,
      "lpips": 0.53515625
    },
    {
      "view": 2,
      "psnr": 14.217096328735352,
      "ssim": 0.7796923518180847,
      "lpips": 0.4921875
    },
    {
      "view": 3,
      "psnr": 13.514749526977539,
      "ssim": 0.7786529660224915,
      "lpips": 0.4765625
    }
  ]
}