{
  "step": 15,
  "envmap_name": "dining_chair_02_env_1",
  "psnr": 21.322132110595703,
  "ssim": 0.8864004611968994,
  "lpips": 0.1298828125,
  "per_view": [
    {
      "view": 0,
      "psnr": 19.605060577392578,
      "ssim": 0.8920229077339172,
      "lpips": 0.11962890625
    },
    {
      "view": 1,
      "psnr": 21.39293670654297,
      "ssim": 0.8804957866668701,
      "lpips": 0.12890625
    },
    {
      "view": 2,
      "psnr": 22.49114227294922,
      "ssim": 0.888941764831543,
      "lpips": 0.13671875
    },
    {
      "view": 3,
      "psnr": 21.799392700195312,
      "ssim": 0.8841414451599121,
      "lpips": 0.134765625
    }
  ]
}