{
  "step": 6,
  "envmap_name": "carved_wooden_plate_env_0",
  "psnr": 22.499359130859375,
  "ssim": 0.8587459325790405,
  "lpips": 0.11279296875,
  "per_view": [
    {
      "view": 0,
      "psnr": 23.1554012298584,
      "ssim": 0.855938196182251,
      "lpips": 0.107421875
    },
    {
      "view": 1,
      "psnr": 20.44550895690918,
      "ssim": 0.846987783908844,
      "lpips": 0.1181640625
    },
    {
      "view": 2,
      "psnr": 22.925395965576172,
      "ssim": 0.8654661774635315,
      "lpips": 0.11083984375
    },
    {
      "view": 3,
      "psnr": 23.47113037109375,
      "ssim": 0.8665916323661804,
      "lpips": 0.115234375
    }
  ]
}