{
  "step": 40,
  "envmap_name": "ornate_medieval_dagger_env_1",
  "psnr": 12.610913276672363,
  "ssim": 0.726412296295166,
  "lpips": 0.52734375,
  "per_view": [
    {
      "view": 0,
      "psnr": 8.994415283203125,
      "ssim": 0.7085363268852234,
      "lpips": 0.67578125
    },
    {
      "view": 1,
      "psnr": 9.323078155517578,
      "ssim": 0.5764129757881165,
      "lpips": 0.64453125
    },
    {
      "view": 2,
      "psnr": 16.178438186645508,
      "ssim": 0.7461764216423035,
      "lpips": 0.486328125
    },
    {
      "view": 3,
      "psnr": 15.947722434997559,
      "ssim": 0.8745234608650208,
      "lpips": 0.298828125
    }
  ]
}