{
  "step": 15,
  "envmap_name": "ornate_medieval_dagger_env_0",
  "psnr": 31.39949607849121,
  "ssim": 0.9826633930206299,
  "lpips": 0.0147705078125,
  "per_view": [
    {
      "view": 0,
      "psnr": 30.388912200927734,
      "ssim": 0.9852977395057678,
      "lpips": 0.01361083984375
    },
    {
      "view": 1,
      "psnr": 33.40309524536133,
      "ssim": 0.986569344997406,
      "lpips": 0.0126953125
    },
    {
      "view": 2,
      "psnr": 30.982725143432617,
      "ssim": 0.9791029095649719,
      "lpips": 0.016357421875
    },
    {
      "view": 3,
      "psnr": 30.823251724243164,
      "ssim": 0.9796834588050842,
      "lpips": 0.016357421875
    }
  ]
}