{
  "step": 31,
  "envmap_name": "Megaphone_01_env_1",
  "psnr": 12.579230308532715,
  "ssim": 0.7317335605621338,
  "lpips": 0.5390625,
  "per_view": [
    {
      "view": 0,
      "psnr": 12.308652877807617,
      "ssim": 0.7557034492492676,
      "lpips": 0.44921875
    },
    {
      "view": 1,
      "psnr": 12.461485862731934,
      "ssim": 0.7475129961967468,
      "lpips": 0.53125
    },
    {
      "view": 2,
      "psnr": 13.424507141113281,
      "ssim": 0.733335554599762,
      "lpips": 0.546875
    },
    {
      "view": 3,
      "psnr": 12.122276306152344,
      "ssim": 0.6903820633888245,
      "lpips": 0.6328125
    }
  ]
}