{
  "step": 34,
  "envmap_name": "carved_wooden_plate_env_2",
  "psnr": 18.42889404296875,
  "ssim": 0.762536346912384,
  "lpips": 0.205078125,
  "per_view": [
    {
      "view": 0,
      "psnr": 17.94965934753418,
      "ssim": 0.75590580701828,
      "lpips": 0.208984375
    },
    {
      "view": 1,
      "psnr": 18.529224395751953,
      "ssim": 0.761045515537262,
      "lpips": 0.2099609375
    },
    {
      "view": 2,
      "psnr": 18.687227249145508,
      "ssim": 0.7676258087158203,
      "lpips": 0.2001953125
    },
    {
      "view": 3,
      "psnr": 18.549468994140625,
      "ssim": 0.765568196773529,
      "lpips": 0.2021484375
    }
  ]
}