{
  "step": 12,
  "envmap_name": "Megaphone_01_env_0",
  "psnr": 17.153549194335938,
  "ssim": 0.8288161754608154,
  "lpips": 0.1435546875,
  "per_view": [
    {
      "view": 0,
      "psnr": 18.328041076660156,
      "ssim": 0.8393126130104065,
      "lpips": 0.140625
    },
    {
      "view": 1,
      "psnr": 16.04493522644043,
      "ssim": 0.8114402890205383,
      "lpips": 0.1611328125
    },
    {
      "view": 2,
      "psnr": 17.472049713134766,
      "ssim": 0.8384947180747986,
      "lpips": 0.1357421875
    },
    {
      "view": 3,
      "psnr": 16.76917266845703,
      "ssim": 0.8260172009468079,
      "lpips": 0.13671875
    }
  ]
}