{
  "step": 38,
  "envmap_name": "Megaphone_01_white_env_0",
  "psnr": 10.590910911560059,
  "ssim": 0.6458069682121277,
  "lpips": 0.5859375,
  "per_view": [
    {
      "view": 0,
      "psnr": 11.506768226623535,
      "ssim": 0.7595229744911194,
      "lpips": 0.404296875
    },
    {
      "view": 1,
      "psnr": 12.437143325805664,
      "ssim": 0.5728722214698792,
      "lpips": 0.59375
    },
    {
      "view": 2,
      "psnr": 11.993667602539062,
      "ssim": 0.6503182053565979,
      "lpips": 0.58984375
    },
    {
      "view": 3,
      "psnr": 6.426063060760498,
      "ssim": 0.6005144715309143,
      "lpips": 0.75
    }
  ]
}