{
  "summary": {
    "scene_name": "01c9013483b6427fbc2f478e5e328810_env_1",
    "psnr": 11.501730918884277,
    "lpips": 0.482421875,
    "ssim": 0.533624529838562
  },
  "per_view": [
    {
      "view": 78,
      "psnr": 13.44351577758789,
      "lpips": 0.283203125,
      "ssim": 0.6220974326133728
    },
    {
      "view": 80,
      "psnr": 12.547341346740723,
      "lpips": 0.447265625,
      "ssim": 0.5560876131057739
    },
    {
      "view": 87,
      "psnr": 8.514336585998535,
      "lpips": 0.71875,
      "ssim": 0.4226886034011841
    }
  ]
}