{
  "step": 23,
  "envmap_name": "carved_wooden_plate_white_env_0",
  "psnr": 21.63548469543457,
  "ssim": 0.7998284101486206,
  "lpips": 0.193359375,
  "per_view": [
    {
      "view": 0,
      "psnr": 21.62874412536621,
      "ssim": 0.7986485958099365,
      "lpips": 0.1875
    },
    {
      "view": 1,
      "psnr": 21.528839111328125,
      "ssim": 0.8018693923950195,
      "lpips": 0.1982421875
    },
    {
      "view": 2,
      "psnr": 21.863815307617188,
      "ssim": 0.8012462258338928,
      "lpips": 0.19140625
    },
    {
      "view": 3,
      "psnr": 21.520536422729492,
      "ssim": 0.7975494265556335,
      "lpips": 0.197265625
    }
  ]
}