{
  "step": 21,
  "envmap_name": "ornate_medieval_dagger_env_0",
  "psnr": 15.743209838867188,
  "ssim": 0.8961010575294495,
  "lpips": 0.09716796875,
  "per_view": [
    {
      "view": 0,
      "psnr": 13.8505277633667,
      "ssim": 0.8861672878265381,
      "lpips": 0.1298828125
    },
    {
      "view": 1,
      "psnr": 13.009746551513672,
      "ssim": 0.8719656467437744,
      "lpips": 0.140625
    },
    {
      "view": 2,
      "psnr": 19.49152946472168,
      "ssim": 0.9215895533561707,
      "lpips": 0.04443359375
    },
    {
      "view": 3,
      "psnr": 16.621036529541016,
      "ssim": 0.9046816825866699,
      "lpips": 0.07421875
    }
  ]
}