{
  "step": 37,
  "envmap_name": "ornate_medieval_dagger_env_1",
  "psnr": 12.821039199829102,
  "ssim": 0.7665221095085144,
  "lpips": 0.421875,
  "per_view": [
    {
      "view": 0,
      "psnr": 8.885902404785156,
      "ssim": 0.6001342535018921,
      "lpips": 0.68359375
    },
    {
      "view": 1,
      "psnr": 11.220338821411133,
      "ssim": 0.6458286046981812,
      "lpips": 0.5
    },
    {
      "view": 2,
      "psnr": 15.464998245239258,
      "ssim": 0.912829577922821,
      "lpips": 0.25390625
    },
    {
      "view": 3,
      "psnr": 15.712919235229492,
      "ssim": 0.9072960019111633,
      "lpips": 0.248046875
    }
  ]
}