{
  "step": 35,
  "envmap_name": "carved_wooden_plate_white_env_0",
  "psnr": 19.164867401123047,
  "ssim": 0.7642752528190613,
  "lpips": 0.212890625,
  "per_view": [
    {
      "view": 0,
      "psnr": 18.76181411743164,
      "ssim": 0.759044349193573,
      "lpips": 0.212890625
    },
    {
      "view": 1,
      "psnr": 19.277179718017578,
      "ssim": 0.7629159092903137,
      "lpips": 0.2197265625
    },
    {
      "view": 2,
      "psnr": 19.383464813232422,
      "ssim": 0.7689201831817627,
      "lpips": 0.2060546875
    },
    {
      "view": 3,
      "psnr": 19.237009048461914,
      "ssim": 0.7662205696105957,
      "lpips": 0.2119140625
    }
  ]
}