{
  "step": 33,
  "envmap_name": "dining_chair_02_env_1",
  "psnr": 18.68355941772461,
  "ssim": 0.8486441373825073,
  "lpips": 0.17578125,
  "per_view": [
    {
      "view": 0,
      "psnr": 17.629180908203125,
      "ssim": 0.8558700084686279,
      "lpips": 0.1572265625
    },
    {
      "view": 1,
      "psnr": 18.558025360107422,
      "ssim": 0.8408231735229492,
      "lpips": 0.1796875
    },
    {
      "view": 2,
      "psnr": 19.52518081665039,
      "ssim": 0.8509058356285095,
      "lpips": 0.1875
    },
    {
      "view": 3,
      "psnr": 19.021854400634766,
      "ssim": 0.8469774127006531,
      "lpips": 0.1787109375
    }
  ]
}