{
  "step": 31,
  "envmap_name": "ornate_medieval_dagger_env_1",
  "psnr": 14.684993743896484,
  "ssim": 0.7697994709014893,
  "lpips": 0.3828125,
  "per_view": [
    {
      "view": 0,
      "psnr": 12.73607063293457,
      "ssim": 0.7049568295478821,
      "lpips": 0.51171875
    },
    {
      "view": 1,
      "psnr": 14.196562767028809,
      "ssim": 0.7509080767631531,
      "lpips": 0.3125
    },
    {
      "view": 2,
      "psnr": 15.968667984008789,
      "ssim": 0.8540428280830383,
      "lpips": 0.296875
    },
    {
      "view": 3,
      "psnr": 15.838674545288086,
      "ssim": 0.7692902684211731,
      "lpips": 0.40625
    }
  ]
}