{
  "step": 17,
  "envmap_name": "dining_chair_02_white_env_0",
  "psnr": 20.600845336914062,
  "ssim": 0.8773757219314575,
  "lpips": 0.0986328125,
  "per_view": [
    {
      "view": 0,
      "psnr": 16.887258529663086,
      "ssim": 0.8290709853172302,
      "lpips": 0.126953125
    },
    {
      "view": 1,
      "psnr": 16.359859466552734,
      "ssim": 0.8152100443840027,
      "lpips": 0.1328125
    },
    {
      "view": 2,
      "psnr": 24.5701961517334,
      "ssim": 0.9352173209190369,
      "lpips": 0.06298828125
    },
    {
      "view": 3,
      "psnr": 24.586069107055664,
      "ssim": 0.930004358291626,
      "lpips": 0.072265625
    }
  ]
}