{
  "step": 32,
  "envmap_name": "dining_chair_02_white_env_0",
  "psnr": 17.093204498291016,
  "ssim": 0.8780839443206787,
  "lpips": 0.1884765625,
  "per_view": [
    {
      "view": 0,
      "psnr": 17.740983963012695,
      "ssim": 0.8865635991096497,
      "lpips": 0.173828125
    },
    {
      "view": 1,
      "psnr": 16.93965721130371,
      "ssim": 0.872447669506073,
      "lpips": 0.1884765625
    },
    {
      "view": 2,
      "psnr": 16.771190643310547,
      "ssim": 0.8773921132087708,
      "lpips": 0.197265625
    },
    {
      "view": 3,
      "psnr": 16.920988082885742,
      "ssim": 0.8759324550628662,
      "lpips": 0.193359375
    }
  ]
}