{
  "step": 38,
  "envmap_name": "dining_chair_02_white_env_0",
  "psnr": 8.404232025146484,
  "ssim": 0.5765742063522339,
  "lpips": 0.671875,
  "per_view": [
    {
      "view": 0,
      "psnr": 9.664295196533203,
      "ssim": 0.5655353665351868,
      "lpips": 0.64453125
    },
    {
      "view": 1,
      "psnr": 8.666290283203125,
      "ssim": 0.6227591633796692,
      "lpips": 0.64453125
    },
    {
      "view": 2,
      "psnr": 7.3693318367004395,
      "ssim": 0.5158835053443909,
      "lpips": 0.70703125
    },
    {
      "view": 3,
      "psnr": 7.917011260986328,
      "ssim": 0.6021187901496887,
      "lpips": 0.69921875
    }
  ]
}