{
  "step": 9,
  "envmap_name": "dining_chair_02_env_1",
  "psnr": 23.891300201416016,
  "ssim": 0.9040191173553467,
  "lpips": 0.109375,
  "per_view": [
    {
      "view": 0,
      "psnr": 22.61620330810547,
      "ssim": 0.9084473252296448,
      "lpips": 0.107421875
    },
    {
      "view": 1,
      "psnr": 24.106433868408203,
      "ssim": 0.8986416459083557,
      "lpips": 0.10498046875
    },
    {
      "view": 2,
      "psnr": 24.607433319091797,
      "ssim": 0.9062004089355469,
      "lpips": 0.11279296875
    },
    {
      "view": 3,
      "psnr": 24.235132217407227,
      "ssim": 0.9027869701385498,
      "lpips": 0.1123046875
    }
  ]
}