{
  "step": 2,
  "envmap_name": "dining_chair_02_white_env_0",
  "psnr": 34.587520599365234,
  "ssim": 0.9732090830802917,
  "lpips": 0.04052734375,
  "per_view": [
    {
      "view": 0,
      "psnr": 34.36732864379883,
      "ssim": 0.9650149345397949,
      "lpips": 0.0439453125
    },
    {
      "view": 1,
      "psnr": 34.426002502441406,
      "ssim": 0.9707836508750916,
      "lpips": 0.040283203125
    },
    {
      "view": 2,
      "psnr": 34.889991760253906,
      "ssim": 0.9799046516418457,
      "lpips": 0.03662109375
    },
    {
      "view": 3,
      "psnr": 34.66675567626953,
      "ssim": 0.9771330952644348,
      "lpips": 0.04150390625
    }
  ]
}