{
  "summary": {
    "scene_name": "091fe81b15a9439996dee0ac9f19fed9_env_0",
    "psnr": 21.695636749267578,
    "lpips": 0.126953125,
    "ssim": 0.8538252115249634
  },
  "per_view": [
    {
      "view": 28,
      "psnr": 23.893556594848633,
      "lpips": 0.059814453125,
      "ssim": 0.9043037295341492
    },
    {
      "view": 32,
      "psnr": 20.894784927368164,
      "lpips": 0.150390625,
      "ssim": 0.8343594074249268
    },
    {
      "view": 34,
      "psnr": 20.298568725585938,
      "lpips": 0.171875,
      "ssim": 0.8228123784065247
    }
  ]
}