{
  "step": 5,
  "envmap_name": "ornate_medieval_dagger_white_env_0",
  "psnr": 30.407665252685547,
  "ssim": 0.9874563813209534,
  "lpips": 0.01318359375,
  "per_view": [
    {
      "view": 0,
      "psnr": 35.324676513671875,
      "ssim": 0.9941180348396301,
      "lpips": 0.0091552734375
    },
    {
      "view": 1,
      "psnr": 29.236783981323242,
      "ssim": 0.9864048957824707,
      "lpips": 0.0159912109375
    },
    {
      "view": 2,
      "psnr": 28.84354591369629,
      "ssim": 0.9847049713134766,
      "lpips": 0.0140380859375
    },
    {
      "view": 3,
      "psnr": 28.22565460205078,
      "ssim": 0.9845976829528809,
      "lpips": 0.013427734375
    }
  ]
}