{
  "step": 45,
  "envmap_name": "dining_chair_02_env_1",
  "psnr": 17.862140655517578,
  "ssim": 0.8118112087249756,
  "lpips": 0.201171875,
  "per_view": [
    {
      "view": 0,
      "psnr": 17.602493286132812,
      "ssim": 0.830843985080719,
      "lpips": 0.1865234375
    },
    {
      "view": 1,
      "psnr": 17.852638244628906,
      "ssim": 0.8068326115608215,
      "lpips": 0.203125
    },
    {
      "view": 2,
      "psnr": 18.1221923828125,
      "ssim": 0.806523323059082,
      "lpips": 0.212890625
    },
    {
      "view": 3,
      "psnr": 17.87124252319336,
      "ssim": 0.8030450344085693,
      "lpips": 0.201171875
    }
  ]
}