{
  "step": 47,
  "envmap_name": "Megaphone_01_white_env_0",
  "psnr": 10.2808256149292,
  "ssim": 0.5383238196372986,
  "lpips": 0.6015625,
  "per_view": [
    {
      "view": 0,
      "psnr": 11.738752365112305,
      "ssim": 0.5360414981842041,
      "lpips": 0.5546875
    },
    {
      "view": 1,
      "psnr": 12.564444541931152,
      "ssim": 0.5230938792228699,
      "lpips": 0.5234375
    },
    {
      "view": 2,
      "psnr": 12.683536529541016,
      "ssim": 0.6471213698387146,
      "lpips": 0.5703125
    },
    {
      "view": 3,
      "psnr": 4.136569023132324,
      "ssim": 0.44703853130340576,
      "lpips": 0.75
    }
  ]
}