{
  "step": 37,
  "envmap_name": "Megaphone_01_env_1",
  "psnr": 10.796663284301758,
  "ssim": 0.6283146142959595,
  "lpips": 0.609375,
  "per_view": [
    {
      "view": 0,
      "psnr": 12.425865173339844,
      "ssim": 0.7607602477073669,
      "lpips": 0.404296875
    },
    {
      "view": 1,
      "psnr": 12.769003868103027,
      "ssim": 0.553904116153717,
      "lpips": 0.64453125
    },
    {
      "view": 2,
      "psnr": 11.36404800415039,
      "ssim": 0.6085698008537292,
      "lpips": 0.640625
    },
    {
      "view": 3,
      "psnr": 6.627737045288086,
      "ssim": 0.5900242924690247,
      "lpips": 0.74609375
    }
  ]
}