{
  "step": 10,
  "envmap_name": "dining_chair_02_env_2",
  "psnr": 21.684616088867188,
  "ssim": 0.9170064926147461,
  "lpips": 0.125,
  "per_view": [
    {
      "view": 0,
      "psnr": 21.305034637451172,
      "ssim": 0.9156352877616882,
      "lpips": 0.1240234375
    },
    {
      "view": 1,
      "psnr": 22.41268539428711,
      "ssim": 0.920055627822876,
      "lpips": 0.10546875
    },
    {
      "view": 2,
      "psnr": 21.514728546142578,
      "ssim": 0.918248176574707,
      "lpips": 0.1357421875
    },
    {
      "view": 3,
      "psnr": 21.50601577758789,
      "ssim": 0.9140867590904236,
      "lpips": 0.1357421875
    }
  ]
}