{
  "summary": {
    "scene_name": "091fe81b15a9439996dee0ac9f19fed9_env_1",
    "psnr": 19.55415153503418,
    "lpips": 0.232421875,
    "ssim": 0.7793670892715454
  },
  "per_view": [
    {
      "view": 77,
      "psnr": 18.826549530029297,
      "lpips": 0.1943359375,
      "ssim": 0.7937628626823425
    },
    {
      "view": 87,
      "psnr": 19.601116180419922,
      "lpips": 0.259765625,
      "ssim": 0.7675079703330994
    },
    {
      "view": 89,
      "psnr": 20.234786987304688,
      "lpips": 0.2431640625,
      "ssim": 0.7768301963806152
    }
  ]
}