{
  "step": 5,
  "envmap_name": "carved_wooden_plate_white_env_0",
  "psnr": 25.798147201538086,
  "ssim": 0.9332289099693298,
  "lpips": 0.08984375,
  "per_view": [
    {
      "view": 0,
      "psnr": 25.83983612060547,
      "ssim": 0.937167227268219,
      "lpips": 0.09033203125
    },
    {
      "view": 1,
      "psnr": 25.355195999145508,
      "ssim": 0.9299588203430176,
      "lpips": 0.09619140625
    },
    {
      "view": 2,
      "psnr": 25.912792205810547,
      "ssim": 0.9304195046424866,
      "lpips": 0.0869140625
    },
    {
      "view": 3,
      "psnr": 26.08476448059082,
      "ssim": 0.935370147228241,
      "lpips": 0.08642578125
    }
  ]
}