{
  "step": 11,
  "envmap_name": "dining_chair_02_white_env_0",
  "psnr": 28.67551040649414,
  "ssim": 0.9594868421554565,
  "lpips": 0.05224609375,
  "per_view": [
    {
      "view": 0,
      "psnr": 28.40515899658203,
      "ssim": 0.9507619738578796,
      "lpips": 0.05908203125
    },
    {
      "view": 1,
      "psnr": 25.707019805908203,
      "ssim": 0.9412968754768372,
      "lpips": 0.0546875
    },
    {
      "view": 2,
      "psnr": 30.875072479248047,
      "ssim": 0.9754087328910828,
      "lpips": 0.04345703125
    },
    {
      "view": 3,
      "psnr": 29.714784622192383,
      "ssim": 0.9704799056053162,
      "lpips": 0.052001953125
    }
  ]
}