{
  "step": 34,
  "envmap_name": "ornate_medieval_dagger_env_1",
  "psnr": 13.957953453063965,
  "ssim": 0.7640566825866699,
  "lpips": 0.396484375,
  "per_view": [
    {
      "view": 0,
      "psnr": 10.310943603515625,
      "ssim": 0.6126224398612976,
      "lpips": 0.6328125
    },
    {
      "view": 1,
      "psnr": 13.641196250915527,
      "ssim": 0.703931987285614,
      "lpips": 0.34375
    },
    {
      "view": 2,
      "psnr": 15.547900199890137,
      "ssim": 0.9034724235534668,
      "lpips": 0.263671875
    },
    {
      "view": 3,
      "psnr": 16.33177375793457,
      "ssim": 0.8361997604370117,
      "lpips": 0.345703125
    }
  ]
}