{
  "step": 11,
  "envmap_name": "carved_wooden_plate_white_env_0",
  "psnr": 23.993511199951172,
  "ssim": 0.8884256482124329,
  "lpips": 0.138671875,
  "per_view": [
    {
      "view": 0,
      "psnr": 24.16354751586914,
      "ssim": 0.8918757438659668,
      "lpips": 0.134765625
    },
    {
      "view": 1,
      "psnr": 23.903736114501953,
      "ssim": 0.8843348622322083,
      "lpips": 0.1484375
    },
    {
      "view": 2,
      "psnr": 23.886917114257812,
      "ssim": 0.8893730640411377,
      "lpips": 0.1337890625
    },
    {
      "view": 3,
      "psnr": 24.01984405517578,
      "ssim": 0.8881189227104187,
      "lpips": 0.138671875
    }
  ]
}