{
  "step": 35,
  "envmap_name": "Megaphone_01_white_env_0",
  "psnr": 10.852012634277344,
  "ssim": 0.672303318977356,
  "lpips": 0.59375,
  "per_view": [
    {
      "view": 0,
      "psnr": 11.486598014831543,
      "ssim": 0.7700527310371399,
      "lpips": 0.40625
    },
    {
      "view": 1,
      "psnr": 12.422758102416992,
      "ssim": 0.6261576414108276,
      "lpips": 0.61328125
    },
    {
      "view": 2,
      "psnr": 11.791496276855469,
      "ssim": 0.6681198477745056,
      "lpips": 0.609375
    },
    {
      "view": 3,
      "psnr": 7.707198143005371,
      "ssim": 0.6248829960823059,
      "lpips": 0.7421875
    }
  ]
}