{
  "summary": {
    "scene_name": "091fe81b15a9439996dee0ac9f19fed9_white_env_0",
    "psnr": 24.663198471069336,
    "lpips": 0.1494140625,
    "ssim": 0.8464748859405518
  },
  "per_view": [
    {
      "view": 57,
      "psnr": 21.353736877441406,
      "lpips": 0.255859375,
      "ssim": 0.7661056518554688
    },
    {
      "view": 62,
      "psnr": 25.39468002319336,
      "lpips": 0.1025390625,
      "ssim": 0.8676225543022156
    },
    {
      "view": 65,
      "psnr": 27.241172790527344,
      "lpips": 0.08984375,
      "ssim": 0.905696451663971
    }
  ]
}