{
  "step": 29,
  "envmap_name": "dining_chair_02_white_env_0",
  "psnr": 10.538507461547852,
  "ssim": 0.6460680961608887,
  "lpips": 0.5859375,
  "per_view": [
    {
      "view": 0,
      "psnr": 10.490074157714844,
      "ssim": 0.6714637279510498,
      "lpips": 0.6484375
    },
    {
      "view": 1,
      "psnr": 8.995779991149902,
      "ssim": 0.662050187587738,
      "lpips": 0.470703125
    },
    {
      "view": 2,
      "psnr": 11.802316665649414,
      "ssim": 0.6462059020996094,
      "lpips": 0.59375
    },
    {
      "view": 3,
      "psnr": 10.865859985351562,
      "ssim": 0.6045526266098022,
      "lpips": 0.6328125
    }
  ]
}