{
  "step": 23,
  "envmap_name": "ornate_medieval_dagger_white_env_0",
  "psnr": 18.24170684814453,
  "ssim": 0.8975069522857666,
  "lpips": 0.150390625,
  "per_view": [
    {
      "view": 0,
      "psnr": 16.048847198486328,
      "ssim": 0.8807011246681213,
      "lpips": 0.169921875
    },
    {
      "view": 1,
      "psnr": 15.7259521484375,
      "ssim": 0.869751513004303,
      "lpips": 0.212890625
    },
    {
      "view": 2,
      "psnr": 22.942394256591797,
      "ssim": 0.9351451992988586,
      "lpips": 0.0947265625
    },
    {
      "view": 3,
      "psnr": 18.2496395111084,
      "ssim": 0.9044299125671387,
      "lpips": 0.123046875
    }
  ]
}