{
  "step": 45,
  "envmap_name": "ornate_medieval_dagger_env_0",
  "psnr": 10.773876190185547,
  "ssim": 0.6223208904266357,
  "lpips": 0.65625,
  "per_view": [
    {
      "view": 0,
      "psnr": 11.050176620483398,
      "ssim": 0.6836441159248352,
      "lpips": 0.65234375
    },
    {
      "view": 1,
      "psnr": 8.726106643676758,
      "ssim": 0.6264440417289734,
      "lpips": 0.67578125
    },
    {
      "view": 2,
      "psnr": 8.923943519592285,
      "ssim": 0.5337457656860352,
      "lpips": 0.7578125
    },
    {
      "view": 3,
      "psnr": 14.395279884338379,
      "ssim": 0.6454495191574097,
      "lpips": 0.5390625
    }
  ]
}