{
  "step": 46,
  "envmap_name": "ornate_medieval_dagger_env_1",
  "psnr": 10.995603561401367,
  "ssim": 0.6153974533081055,
  "lpips": 0.66015625,
  "per_view": [
    {
      "view": 0,
      "psnr": 13.092137336730957,
      "ssim": 0.7141392230987549,
      "lpips": 0.609375
    },
    {
      "view": 1,
      "psnr": 8.631025314331055,
      "ssim": 0.6076412200927734,
      "lpips": 0.671875
    },
    {
      "view": 2,
      "psnr": 8.88821792602539,
      "ssim": 0.5217028260231018,
      "lpips": 0.77734375
    },
    {
      "view": 3,
      "psnr": 13.37103271484375,
      "ssim": 0.6181066632270813,
      "lpips": 0.58203125
    }
  ]
}