{
  "step": 46,
  "envmap_name": "carved_wooden_plate_env_2",
  "psnr": 16.25167465209961,
  "ssim": 0.7413980960845947,
  "lpips": 0.21875,
  "per_view": [
    {
      "view": 0,
      "psnr": 15.92567253112793,
      "ssim": 0.736879289150238,
      "lpips": 0.21484375
    },
    {
      "view": 1,
      "psnr": 16.26899528503418,
      "ssim": 0.7382823824882507,
      "lpips": 0.2265625
    },
    {
      "view": 2,
      "psnr": 16.44523811340332,
      "ssim": 0.747053325176239,
      "lpips": 0.2138671875
    },
    {
      "view": 3,
      "psnr": 16.366796493530273,
      "ssim": 0.7433773875236511,
      "lpips": 0.220703125
    }
  ]
}