{
  "step": 13,
  "envmap_name": "carved_wooden_plate_env_2",
  "psnr": 23.393611907958984,
  "ssim": 0.8553590774536133,
  "lpips": 0.140625,
  "per_view": [
    {
      "view": 0,
      "psnr": 24.08722686767578,
      "ssim": 0.8649147152900696,
      "lpips": 0.1328125
    },
    {
      "view": 1,
      "psnr": 23.100067138671875,
      "ssim": 0.851073682308197,
      "lpips": 0.14453125
    },
    {
      "view": 2,
      "psnr": 23.16476821899414,
      "ssim": 0.8523008227348328,
      "lpips": 0.1416015625
    },
    {
      "view": 3,
      "psnr": 23.22238540649414,
      "ssim": 0.853147029876709,
      "lpips": 0.142578125
    }
  ]
}