{
  "step": 24,
  "envmap_name": "ornate_medieval_dagger_env_0",
  "psnr": 16.32368278503418,
  "ssim": 0.8763836622238159,
  "lpips": 0.193359375,
  "per_view": [
    {
      "view": 0,
      "psnr": 14.767711639404297,
      "ssim": 0.8690857887268066,
      "lpips": 0.224609375
    },
    {
      "view": 1,
      "psnr": 13.758401870727539,
      "ssim": 0.8234786987304688,
      "lpips": 0.28125
    },
    {
      "view": 2,
      "psnr": 21.57741355895996,
      "ssim": 0.9258654713630676,
      "lpips": 0.1220703125
    },
    {
      "view": 3,
      "psnr": 15.191203117370605,
      "ssim": 0.8871048092842102,
      "lpips": 0.146484375
    }
  ]
}