{
  "step": 24,
  "envmap_name": "carved_wooden_plate_env_0",
  "psnr": 20.86005210876465,
  "ssim": 0.7914056777954102,
  "lpips": 0.1884765625,
  "per_view": [
    {
      "view": 0,
      "psnr": 21.056018829345703,
      "ssim": 0.7889411449432373,
      "lpips": 0.1806640625
    },
    {
      "view": 1,
      "psnr": 19.895875930786133,
      "ssim": 0.7857207655906677,
      "lpips": 0.185546875
    },
    {
      "view": 2,
      "psnr": 21.3443603515625,
      "ssim": 0.7969997525215149,
      "lpips": 0.1904296875
    },
    {
      "view": 3,
      "psnr": 21.143953323364258,
      "ssim": 0.7939608693122864,
      "lpips": 0.1982421875
    }
  ]
}