{
  "step": 33,
  "envmap_name": "ornate_medieval_dagger_env_0",
  "psnr": 13.545503616333008,
  "ssim": 0.7563119530677795,
  "lpips": 0.40625,
  "per_view": [
    {
      "view": 0,
      "psnr": 10.727312088012695,
      "ssim": 0.6461517214775085,
      "lpips": 0.62109375
    },
    {
      "view": 1,
      "psnr": 13.525961875915527,
      "ssim": 0.7154989838600159,
      "lpips": 0.32421875
    },
    {
      "view": 2,
      "psnr": 14.943628311157227,
      "ssim": 0.8853469491004944,
      "lpips": 0.28515625
    },
    {
      "view": 3,
      "psnr": 14.985114097595215,
      "ssim": 0.7782501578330994,
      "lpips": 0.39453125
    }
  ]
}