{
  "step": 22,
  "envmap_name": "ornate_medieval_dagger_env_1",
  "psnr": 15.817009925842285,
  "ssim": 0.8926801681518555,
  "lpips": 0.1201171875,
  "per_view": [
    {
      "view": 0,
      "psnr": 13.857257843017578,
      "ssim": 0.8782343864440918,
      "lpips": 0.146484375
    },
    {
      "view": 1,
      "psnr": 13.563133239746094,
      "ssim": 0.8714348673820496,
      "lpips": 0.1728515625
    },
    {
      "view": 2,
      "psnr": 19.98333168029785,
      "ssim": 0.9189990162849426,
      "lpips": 0.06103515625
    },
    {
      "view": 3,
      "psnr": 15.864316940307617,
      "ssim": 0.9020523428916931,
      "lpips": 0.099609375
    }
  ]
}