{
  "step": 32,
  "envmap_name": "dining_chair_02_white_env_0",
  "psnr": 8.925199508666992,
  "ssim": 0.5975046753883362,
  "lpips": 0.64453125,
  "per_view": [
    {
      "view": 0,
      "psnr": 9.47098159790039,
      "ssim": 0.5996355414390564,
      "lpips": 0.671875
    },
    {
      "view": 1,
      "psnr": 8.749162673950195,
      "ssim": 0.6097629070281982,
      "lpips": 0.5390625
    },
    {
      "view": 2,
      "psnr": 8.613899230957031,
      "ssim": 0.5745771527290344,
      "lpips": 0.6875
    },
    {
      "view": 3,
      "psnr": 8.866755485534668,
      "ssim": 0.6060431003570557,
      "lpips": 0.67578125
    }
  ]
}