{
  "summary": {
    "scene_name": "01c9013483b6427fbc2f478e5e328810_env_2",
    "psnr": 16.42333221435547,
    "lpips": 0.2421875,
    "ssim": 0.6803414225578308
  },
  "per_view": [
    {
      "view": 14,
      "psnr": 11.488426208496094,
      "lpips": 0.41015625,
      "ssim": 0.5701906085014343
    },
    {
      "view": 19,
      "psnr": 17.466777801513672,
      "lpips": 0.19921875,
      "ssim": 0.6899585127830505
    },
    {
      "view": 28,
      "psnr": 20.314790725708008,
      "lpips": 0.1162109375,
      "ssim": 0.7808751463890076
    }
  ]
}