{
  "step": 28,
  "envmap_name": "dining_chair_02_env_2",
  "psnr": 15.80107307434082,
  "ssim": 0.8641172647476196,
  "lpips": 0.177734375,
  "per_view": [
    {
      "view": 0,
      "psnr": 16.27448844909668,
      "ssim": 0.8715373873710632,
      "lpips": 0.1708984375
    },
    {
      "view": 1,
      "psnr": 15.72305679321289,
      "ssim": 0.8556721806526184,
      "lpips": 0.1669921875
    },
    {
      "view": 2,
      "psnr": 15.554683685302734,
      "ssim": 0.8641762733459473,
      "lpips": 0.185546875
    },
    {
      "view": 3,
      "psnr": 15.652066230773926,
      "ssim": 0.8650832772254944,
      "lpips": 0.1865234375
    }
  ]
}