{
  "step": 40,
  "envmap_name": "Megaphone_01_env_1",
  "psnr": 11.183154106140137,
  "ssim": 0.6523090600967407,
  "lpips": 0.53125,
  "per_view": [
    {
      "view": 0,
      "psnr": 12.723250389099121,
      "ssim": 0.7086119055747986,
      "lpips": 0.48046875
    },
    {
      "view": 1,
      "psnr": 13.541340827941895,
      "ssim": 0.6045836806297302,
      "lpips": 0.5
    },
    {
      "view": 2,
      "psnr": 13.136850357055664,
      "ssim": 0.7766494154930115,
      "lpips": 0.408203125
    },
    {
      "view": 3,
      "psnr": 5.331175327301025,
      "ssim": 0.5193913578987122,
      "lpips": 0.7421875
    }
  ]
}