{
  "step": 42,
  "envmap_name": "ornate_medieval_dagger_env_0",
  "psnr": 11.445329666137695,
  "ssim": 0.678186297416687,
  "lpips": 0.59375,
  "per_view": [
    {
      "view": 0,
      "psnr": 8.882038116455078,
      "ssim": 0.7074468731880188,
      "lpips": 0.6953125
    },
    {
      "view": 1,
      "psnr": 8.427021026611328,
      "ssim": 0.5987642407417297,
      "lpips": 0.68359375
    },
    {
      "view": 2,
      "psnr": 12.482308387756348,
      "ssim": 0.5632779598236084,
      "lpips": 0.62890625
    },
    {
      "view": 3,
      "psnr": 15.989951133728027,
      "ssim": 0.8432562947273254,
      "lpips": 0.359375
    }
  ]
}