{
  "step": 43,
  "envmap_name": "Megaphone_01_env_1",
  "psnr": 10.9981689453125,
  "ssim": 0.6122390031814575,
  "lpips": 0.5078125,
  "per_view": [
    {
      "view": 0,
      "psnr": 12.169244766235352,
      "ssim": 0.5390415787696838,
      "lpips": 0.5625
    },
    {
      "view": 1,
      "psnr": 13.638662338256836,
      "ssim": 0.65409255027771,
      "lpips": 0.4140625
    },
    {
      "view": 2,
      "psnr": 13.438207626342773,
      "ssim": 0.79203861951828,
      "lpips": 0.3125
    },
    {
      "view": 3,
      "psnr": 4.746562957763672,
      "ssim": 0.4637834131717682,
      "lpips": 0.73828125
    }
  ]
}