{
  "step": 26,
  "envmap_name": "carved_wooden_plate_white_env_0",
  "psnr": 20.920787811279297,
  "ssim": 0.7856453657150269,
  "lpips": 0.2021484375,
  "per_view": [
    {
      "view": 0,
      "psnr": 20.681381225585938,
      "ssim": 0.7832624316215515,
      "lpips": 0.1982421875
    },
    {
      "view": 1,
      "psnr": 20.992507934570312,
      "ssim": 0.7868834137916565,
      "lpips": 0.2060546875
    },
    {
      "view": 2,
      "psnr": 21.13182830810547,
      "ssim": 0.7879226803779602,
      "lpips": 0.1982421875
    },
    {
      "view": 3,
      "psnr": 20.877429962158203,
      "ssim": 0.784512996673584,
      "lpips": 0.205078125
    }
  ]
}