{
  "step": 14,
  "envmap_name": "ornate_medieval_dagger_white_env_0",
  "psnr": 24.73569107055664,
  "ssim": 0.9776068329811096,
  "lpips": 0.0167236328125,
  "per_view": [
    {
      "view": 0,
      "psnr": 26.907243728637695,
      "ssim": 0.9841732978820801,
      "lpips": 0.012939453125
    },
    {
      "view": 1,
      "psnr": 24.790058135986328,
      "ssim": 0.9778626561164856,
      "lpips": 0.018798828125
    },
    {
      "view": 2,
      "psnr": 23.75055503845215,
      "ssim": 0.9743590354919434,
      "lpips": 0.017578125
    },
    {
      "view": 3,
      "psnr": 23.494901657104492,
      "ssim": 0.9740323424339294,
      "lpips": 0.017578125
    }
  ]
}