{
  "step": 22,
  "envmap_name": "dining_chair_02_env_2",
  "psnr": 10.99178695678711,
  "ssim": 0.7433462142944336,
  "lpips": 0.26171875,
  "per_view": [
    {
      "view": 0,
      "psnr": 9.076814651489258,
      "ssim": 0.7164241671562195,
      "lpips": 0.30859375
    },
    {
      "view": 1,
      "psnr": 8.947312355041504,
      "ssim": 0.7037733197212219,
      "lpips": 0.33203125
    },
    {
      "view": 2,
      "psnr": 13.529775619506836,
      "ssim": 0.789862334728241,
      "lpips": 0.1875
    },
    {
      "view": 3,
      "psnr": 12.413243293762207,
      "ssim": 0.763325035572052,
      "lpips": 0.2197265625
    }
  ]
}