{
  "step": 8,
  "envmap_name": "carved_wooden_plate_white_env_0",
  "psnr": 23.521873474121094,
  "ssim": 0.9094938039779663,
  "lpips": 0.11669921875,
  "per_view": [
    {
      "view": 0,
      "psnr": 24.238948822021484,
      "ssim": 0.9130423665046692,
      "lpips": 0.1162109375
    },
    {
      "view": 1,
      "psnr": 23.242931365966797,
      "ssim": 0.9060664176940918,
      "lpips": 0.12255859375
    },
    {
      "view": 2,
      "psnr": 23.086734771728516,
      "ssim": 0.908268392086029,
      "lpips": 0.1123046875
    },
    {
      "view": 3,
      "psnr": 23.518875122070312,
      "ssim": 0.91059809923172,
      "lpips": 0.115234375
    }
  ]
}