{
  "step": 31,
  "envmap_name": "carved_wooden_plate_env_2",
  "psnr": 18.949352264404297,
  "ssim": 0.7693166732788086,
  "lpips": 0.2021484375,
  "per_view": [
    {
      "view": 0,
      "psnr": 18.542692184448242,
      "ssim": 0.7632483839988708,
      "lpips": 0.203125
    },
    {
      "view": 1,
      "psnr": 19.048316955566406,
      "ssim": 0.7685286998748779,
      "lpips": 0.205078125
    },
    {
      "view": 2,
      "psnr": 19.146282196044922,
      "ssim": 0.773899257183075,
      "lpips": 0.2001953125
    },
    {
      "view": 3,
      "psnr": 19.06011962890625,
      "ssim": 0.7715904116630554,
      "lpips": 0.19921875
    }
  ]
}