{
  "step": 34,
  "envmap_name": "dining_chair_02_env_2",
  "psnr": 15.472537994384766,
  "ssim": 0.8456705808639526,
  "lpips": 0.185546875,
  "per_view": [
    {
      "view": 0,
      "psnr": 15.809431076049805,
      "ssim": 0.8545389771461487,
      "lpips": 0.171875
    },
    {
      "view": 1,
      "psnr": 15.459199905395508,
      "ssim": 0.8369969725608826,
      "lpips": 0.1796875
    },
    {
      "view": 2,
      "psnr": 15.226879119873047,
      "ssim": 0.8445959687232971,
      "lpips": 0.1962890625
    },
    {
      "view": 3,
      "psnr": 15.39463996887207,
      "ssim": 0.8465505242347717,
      "lpips": 0.1923828125
    }
  ]
}