{
  "step": 49,
  "envmap_name": "Megaphone_01_env_1",
  "psnr": 9.926734924316406,
  "ssim": 0.4932577311992645,
  "lpips": 0.62890625,
  "per_view": [
    {
      "view": 0,
      "psnr": 12.345274925231934,
      "ssim": 0.617030143737793,
      "lpips": 0.49609375
    },
    {
      "view": 1,
      "psnr": 12.526453971862793,
      "ssim": 0.4758068025112152,
      "lpips": 0.5625
    },
    {
      "view": 2,
      "psnr": 11.026968002319336,
      "ssim": 0.4643048048019409,
      "lpips": 0.703125
    },
    {
      "view": 3,
      "psnr": 3.8082423210144043,
      "ssim": 0.41588911414146423,
      "lpips": 0.75
    }
  ]
}