{
  "step": 37,
  "envmap_name": "dining_chair_02_env_2",
  "psnr": 15.15350341796875,
  "ssim": 0.8321517109870911,
  "lpips": 0.1875,
  "per_view": [
    {
      "view": 0,
      "psnr": 15.452104568481445,
      "ssim": 0.8439719676971436,
      "lpips": 0.17578125
    },
    {
      "view": 1,
      "psnr": 15.17179012298584,
      "ssim": 0.8240668177604675,
      "lpips": 0.18359375
    },
    {
      "view": 2,
      "psnr": 14.92774772644043,
      "ssim": 0.8294768929481506,
      "lpips": 0.19921875
    },
    {
      "view": 3,
      "psnr": 15.062374114990234,
      "ssim": 0.8310911655426025,
      "lpips": 0.1904296875
    }
  ]
}