{
  "step": 26,
  "envmap_name": "Megaphone_01_white_env_0",
  "psnr": 12.909917831420898,
  "ssim": 0.7832975387573242,
  "lpips": 0.51953125,
  "per_view": [
    {
      "view": 0,
      "psnr": 12.130208969116211,
      "ssim": 0.7429192662239075,
      "lpips": 0.625
    },
    {
      "view": 1,
      "psnr": 13.536677360534668,
      "ssim": 0.7828669548034668,
      "lpips": 0.546875
    },
    {
      "view": 2,
      "psnr": 13.601430892944336,
      "ssim": 0.7966077923774719,
      "lpips": 0.5234375
    },
    {
      "view": 3,
      "psnr": 12.371353149414062,
      "ssim": 0.8107962608337402,
      "lpips": 0.376953125
    }
  ]
}