{
  "step": 22,
  "envmap_name": "carved_wooden_plate_env_2",
  "psnr": 21.247953414916992,
  "ssim": 0.8017958402633667,
  "lpips": 0.1796875,
  "per_view": [
    {
      "view": 0,
      "psnr": 21.2181453704834,
      "ssim": 0.802276611328125,
      "lpips": 0.171875
    },
    {
      "view": 1,
      "psnr": 21.159631729125977,
      "ssim": 0.8018927574157715,
      "lpips": 0.18359375
    },
    {
      "view": 2,
      "psnr": 21.431060791015625,
      "ssim": 0.802713930606842,
      "lpips": 0.1787109375
    },
    {
      "view": 3,
      "psnr": 21.1829776763916,
      "ssim": 0.8003000617027283,
      "lpips": 0.1826171875
    }
  ]
}