{
  "step": 22,
  "envmap_name": "Megaphone_01_env_1",
  "psnr": 13.6689453125,
  "ssim": 0.7960864305496216,
  "lpips": 0.40625,
  "per_view": [
    {
      "view": 0,
      "psnr": 13.255756378173828,
      "ssim": 0.7456183433532715,
      "lpips": 0.6015625
    },
    {
      "view": 1,
      "psnr": 13.624100685119629,
      "ssim": 0.8101539611816406,
      "lpips": 0.36328125
    },
    {
      "view": 2,
      "psnr": 13.689823150634766,
      "ssim": 0.8141584992408752,
      "lpips": 0.34375
    },
    {
      "view": 3,
      "psnr": 14.106101989746094,
      "ssim": 0.8144149780273438,
      "lpips": 0.31640625
    }
  ]
}