{
  "step": 38,
  "envmap_name": "dining_chair_02_white_env_0",
  "psnr": 16.454547882080078,
  "ssim": 0.8475383520126343,
  "lpips": 0.189453125,
  "per_view": [
    {
      "view": 0,
      "psnr": 17.19748306274414,
      "ssim": 0.8651898503303528,
      "lpips": 0.1787109375
    },
    {
      "view": 1,
      "psnr": 16.288650512695312,
      "ssim": 0.8389883041381836,
      "lpips": 0.1904296875
    },
    {
      "view": 2,
      "psnr": 16.112539291381836,
      "ssim": 0.8434873223304749,
      "lpips": 0.2001953125
    },
    {
      "view": 3,
      "psnr": 16.219512939453125,
      "ssim": 0.8424880504608154,
      "lpips": 0.1904296875
    }
  ]
}