{
  "step": 42,
  "envmap_name": "carved_wooden_plate_env_0",
  "psnr": 18.100948333740234,
  "ssim": 0.7504231929779053,
  "lpips": 0.21484375,
  "per_view": [
    {
      "view": 0,
      "psnr": 18.02812957763672,
      "ssim": 0.7487887740135193,
      "lpips": 0.2119140625
    },
    {
      "view": 1,
      "psnr": 17.130290985107422,
      "ssim": 0.7427389621734619,
      "lpips": 0.216796875
    },
    {
      "view": 2,
      "psnr": 18.561782836914062,
      "ssim": 0.7567065358161926,
      "lpips": 0.2119140625
    },
    {
      "view": 3,
      "psnr": 18.683595657348633,
      "ssim": 0.7534584999084473,
      "lpips": 0.21875
    }
  ]
}