{
  "step": 34,
  "envmap_name": "dining_chair_02_env_2",
  "psnr": 7.712791442871094,
  "ssim": 0.5597965717315674,
  "lpips": 0.671875,
  "per_view": [
    {
      "view": 0,
      "psnr": 7.459871292114258,
      "ssim": 0.5354928374290466,
      "lpips": 0.703125
    },
    {
      "view": 1,
      "psnr": 8.003856658935547,
      "ssim": 0.5938084721565247,
      "lpips": 0.5625
    },
    {
      "view": 2,
      "psnr": 7.3226399421691895,
      "ssim": 0.5358466506004333,
      "lpips": 0.72265625
    },
    {
      "view": 3,
      "psnr": 8.064798355102539,
      "ssim": 0.5740382075309753,
      "lpips": 0.703125
    }
  ]
}