{
  "step": 25,
  "envmap_name": "ornate_medieval_dagger_env_1",
  "psnr": 16.543869018554688,
  "ssim": 0.84757000207901,
  "lpips": 0.25390625,
  "per_view": [
    {
      "view": 0,
      "psnr": 15.34031867980957,
      "ssim": 0.8272945284843445,
      "lpips": 0.3203125
    },
    {
      "view": 1,
      "psnr": 13.93608570098877,
      "ssim": 0.7707667350769043,
      "lpips": 0.35546875
    },
    {
      "view": 2,
      "psnr": 21.38401222229004,
      "ssim": 0.9149038791656494,
      "lpips": 0.162109375
    },
    {
      "view": 3,
      "psnr": 15.51506233215332,
      "ssim": 0.8773148059844971,
      "lpips": 0.1767578125
    }
  ]
}