{
  "step": 29,
  "envmap_name": "dining_chair_02_white_env_0",
  "psnr": 17.078262329101562,
  "ssim": 0.8841546773910522,
  "lpips": 0.18359375,
  "per_view": [
    {
      "view": 0,
      "psnr": 17.76641845703125,
      "ssim": 0.8921000957489014,
      "lpips": 0.171875
    },
    {
      "view": 1,
      "psnr": 16.969173431396484,
      "ssim": 0.8800280094146729,
      "lpips": 0.18359375
    },
    {
      "view": 2,
      "psnr": 16.7335205078125,
      "ssim": 0.8828439116477966,
      "lpips": 0.19140625
    },
    {
      "view": 3,
      "psnr": 16.843935012817383,
      "ssim": 0.8816468119621277,
      "lpips": 0.189453125
    }
  ]
}