{
  "step": 7,
  "envmap_name": "dining_chair_02_env_2",
  "psnr": 24.627159118652344,
  "ssim": 0.9337601661682129,
  "lpips": 0.09716796875,
  "per_view": [
    {
      "view": 0,
      "psnr": 23.817852020263672,
      "ssim": 0.9296314120292664,
      "lpips": 0.099609375
    },
    {
      "view": 1,
      "psnr": 25.16448211669922,
      "ssim": 0.9330074191093445,
      "lpips": 0.07958984375
    },
    {
      "view": 2,
      "psnr": 24.642189025878906,
      "ssim": 0.9374576210975647,
      "lpips": 0.10400390625
    },
    {
      "view": 3,
      "psnr": 24.884119033813477,
      "ssim": 0.9349440932273865,
      "lpips": 0.10595703125
    }
  ]
}