{
  "step": 2,
  "envmap_name": "carved_wooden_plate_white_env_0",
  "psnr": 27.950489044189453,
  "ssim": 0.9526568651199341,
  "lpips": 0.054443359375,
  "per_view": [
    {
      "view": 0,
      "psnr": 28.586139678955078,
      "ssim": 0.9565851092338562,
      "lpips": 0.052001953125
    },
    {
      "view": 1,
      "psnr": 27.465675354003906,
      "ssim": 0.9492201805114746,
      "lpips": 0.0625
    },
    {
      "view": 2,
      "psnr": 27.646900177001953,
      "ssim": 0.950354278087616,
      "lpips": 0.0537109375
    },
    {
      "view": 3,
      "psnr": 28.103240966796875,
      "ssim": 0.9544677138328552,
      "lpips": 0.0498046875
    }
  ]
}