{
  "summary": {
    "scene_name": "091fe81b15a9439996dee0ac9f19fed9_env_3",
    "psnr": 25.315357208251953,
    "lpips": 0.068359375,
    "ssim": 0.9005273580551147
  },
  "per_view": [
    {
      "view": 66,
      "psnr": 26.502208709716797,
      "lpips": 0.04443359375,
      "ssim": 0.9231035709381104
    },
    {
      "view": 73,
      "psnr": 26.600648880004883,
      "lpips": 0.0634765625,
      "ssim": 0.9231657385826111
    },
    {
      "view": 76,
      "psnr": 22.843210220336914,
      "lpips": 0.0966796875,
      "ssim": 0.8553125262260437
    }
  ]
}