{
  "step": 7,
  "envmap_name": "Megaphone_01_env_1",
  "psnr": 19.694602966308594,
  "ssim": 0.8959887027740479,
  "lpips": 0.0859375,
  "per_view": [
    {
      "view": 0,
      "psnr": 18.632091522216797,
      "ssim": 0.8508005142211914,
      "lpips": 0.1171875
    },
    {
      "view": 1,
      "psnr": 20.18972396850586,
      "ssim": 0.9140893816947937,
      "lpips": 0.078125
    },
    {
      "view": 2,
      "psnr": 19.91883659362793,
      "ssim": 0.9078227877616882,
      "lpips": 0.0771484375
    },
    {
      "view": 3,
      "psnr": 20.037761688232422,
      "ssim": 0.9112421870231628,
      "lpips": 0.0703125
    }
  ]
}