{
  "step": 42,
  "envmap_name": "dining_chair_02_env_1",
  "psnr": 17.98801040649414,
  "ssim": 0.8213784098625183,
  "lpips": 0.1923828125,
  "per_view": [
    {
      "view": 0,
      "psnr": 17.425682067871094,
      "ssim": 0.8362517952919006,
      "lpips": 0.177734375
    },
    {
      "view": 1,
      "psnr": 17.870563507080078,
      "ssim": 0.8145269751548767,
      "lpips": 0.1953125
    },
    {
      "view": 2,
      "psnr": 18.481746673583984,
      "ssim": 0.818358838558197,
      "lpips": 0.2041015625
    },
    {
      "view": 3,
      "psnr": 18.17404556274414,
      "ssim": 0.8163759708404541,
      "lpips": 0.19140625
    }
  ]
}