{
  "step": 23,
  "envmap_name": "dining_chair_02_white_env_0",
  "psnr": 17.419219970703125,
  "ssim": 0.8978448510169983,
  "lpips": 0.16796875,
  "per_view": [
    {
      "view": 0,
      "psnr": 18.27264976501465,
      "ssim": 0.9054829478263855,
      "lpips": 0.154296875
    },
    {
      "view": 1,
      "psnr": 17.26079559326172,
      "ssim": 0.8953865170478821,
      "lpips": 0.166015625
    },
    {
      "view": 2,
      "psnr": 16.973413467407227,
      "ssim": 0.8959822058677673,
      "lpips": 0.17578125
    },
    {
      "view": 3,
      "psnr": 17.170015335083008,
      "ssim": 0.8945277333259583,
      "lpips": 0.1748046875
    }
  ]
}