{
  "step": 44,
  "envmap_name": "dining_chair_02_white_env_0",
  "psnr": 16.64031982421875,
  "ssim": 0.8271826505661011,
  "lpips": 0.2109375,
  "per_view": [
    {
      "view": 0,
      "psnr": 17.611255645751953,
      "ssim": 0.8491235375404358,
      "lpips": 0.19921875
    },
    {
      "view": 1,
      "psnr": 16.552690505981445,
      "ssim": 0.8194968104362488,
      "lpips": 0.2109375
    },
    {
      "view": 2,
      "psnr": 16.13431739807129,
      "ssim": 0.8196164965629578,
      "lpips": 0.2216796875
    },
    {
      "view": 3,
      "psnr": 16.26301383972168,
      "ssim": 0.8204936981201172,
      "lpips": 0.2109375
    }
  ]
}