{
  "step": 16,
  "envmap_name": "ornate_medieval_dagger_env_1",
  "psnr": 29.85484504699707,
  "ssim": 0.9844608306884766,
  "lpips": 0.0130615234375,
  "per_view": [
    {
      "view": 0,
      "psnr": 30.19014549255371,
      "ssim": 0.9875327944755554,
      "lpips": 0.011474609375
    },
    {
      "view": 1,
      "psnr": 30.533153533935547,
      "ssim": 0.9860567450523376,
      "lpips": 0.0137939453125
    },
    {
      "view": 2,
      "psnr": 29.252023696899414,
      "ssim": 0.9813888669013977,
      "lpips": 0.0145263671875
    },
    {
      "view": 3,
      "psnr": 29.44405746459961,
      "ssim": 0.9828648567199707,
      "lpips": 0.012451171875
    }
  ]
}