{
  "step": 31,
  "envmap_name": "dining_chair_02_env_2",
  "psnr": 15.679718971252441,
  "ssim": 0.856572687625885,
  "lpips": 0.181640625,
  "per_view": [
    {
      "view": 0,
      "psnr": 16.091896057128906,
      "ssim": 0.8650693893432617,
      "lpips": 0.173828125
    },
    {
      "view": 1,
      "psnr": 15.667715072631836,
      "ssim": 0.8485241532325745,
      "lpips": 0.173828125
    },
    {
      "view": 2,
      "psnr": 15.394235610961914,
      "ssim": 0.8552951216697693,
      "lpips": 0.19140625
    },
    {
      "view": 3,
      "psnr": 15.56502914428711,
      "ssim": 0.8574020862579346,
      "lpips": 0.189453125
    }
  ]
}