{
  "step": 46,
  "envmap_name": "dining_chair_02_env_2",
  "psnr": 15.596315383911133,
  "ssim": 0.8097278475761414,
  "lpips": 0.212890625,
  "per_view": [
    {
      "view": 0,
      "psnr": 16.169878005981445,
      "ssim": 0.8281235098838806,
      "lpips": 0.201171875
    },
    {
      "view": 1,
      "psnr": 15.652019500732422,
      "ssim": 0.8056125640869141,
      "lpips": 0.2080078125
    },
    {
      "view": 2,
      "psnr": 15.298189163208008,
      "ssim": 0.8026315569877625,
      "lpips": 0.2275390625
    },
    {
      "view": 3,
      "psnr": 15.265176773071289,
      "ssim": 0.8025436401367188,
      "lpips": 0.216796875
    }
  ]
}