{
  "step": 19,
  "envmap_name": "Megaphone_01_env_1",
  "psnr": 14.425666809082031,
  "ssim": 0.7785192728042603,
  "lpips": 0.3125,
  "per_view": [
    {
      "view": 0,
      "psnr": 14.185547828674316,
      "ssim": 0.739677906036377,
      "lpips": 0.384765625
    },
    {
      "view": 1,
      "psnr": 13.765625953674316,
      "ssim": 0.7842220664024353,
      "lpips": 0.310546875
    },
    {
      "view": 2,
      "psnr": 14.510878562927246,
      "ssim": 0.7930617928504944,
      "lpips": 0.291015625
    },
    {
      "view": 3,
      "psnr": 15.24061393737793,
      "ssim": 0.7971153259277344,
      "lpips": 0.263671875
    }
  ]
}