{
  "step": 36,
  "envmap_name": "carved_wooden_plate_env_0",
  "psnr": 19.057340621948242,
  "ssim": 0.7601319551467896,
  "lpips": 0.2060546875,
  "per_view": [
    {
      "view": 0,
      "psnr": 18.894290924072266,
      "ssim": 0.7571442723274231,
      "lpips": 0.20703125
    },
    {
      "view": 1,
      "psnr": 18.077159881591797,
      "ssim": 0.7542640566825867,
      "lpips": 0.2080078125
    },
    {
      "view": 2,
      "psnr": 19.649139404296875,
      "ssim": 0.7661287784576416,
      "lpips": 0.201171875
    },
    {
      "view": 3,
      "psnr": 19.608774185180664,
      "ssim": 0.7629907727241516,
      "lpips": 0.208984375
    }
  ]
}