{
  "step": 27,
  "envmap_name": "carved_wooden_plate_env_0",
  "psnr": 20.417898178100586,
  "ssim": 0.7804937362670898,
  "lpips": 0.1962890625,
  "per_view": [
    {
      "view": 0,
      "psnr": 20.38232421875,
      "ssim": 0.7776010632514954,
      "lpips": 0.1962890625
    },
    {
      "view": 1,
      "psnr": 19.526376724243164,
      "ssim": 0.7755425572395325,
      "lpips": 0.1962890625
    },
    {
      "view": 2,
      "psnr": 20.943727493286133,
      "ssim": 0.7858054637908936,
      "lpips": 0.1904296875
    },
    {
      "view": 3,
      "psnr": 20.819164276123047,
      "ssim": 0.7830257415771484,
      "lpips": 0.203125
    }
  ]
}