{
  "step": 31,
  "envmap_name": "dining_chair_02_env_2",
  "psnr": 8.267460823059082,
  "ssim": 0.555102527141571,
  "lpips": 0.65234375,
  "per_view": [
    {
      "view": 0,
      "psnr": 8.623128890991211,
      "ssim": 0.5718908309936523,
      "lpips": 0.69140625
    },
    {
      "view": 1,
      "psnr": 7.776846408843994,
      "ssim": 0.5672501921653748,
      "lpips": 0.53125
    },
    {
      "view": 2,
      "psnr": 8.21656322479248,
      "ssim": 0.5421046018600464,
      "lpips": 0.703125
    },
    {
      "view": 3,
      "psnr": 8.453306198120117,
      "ssim": 0.5391643643379211,
      "lpips": 0.6875
    }
  ]
}