{
  "step": 20,
  "envmap_name": "ornate_medieval_dagger_white_env_0",
  "psnr": 17.702091217041016,
  "ssim": 0.906727135181427,
  "lpips": 0.08251953125,
  "per_view": [
    {
      "view": 0,
      "psnr": 15.668519973754883,
      "ssim": 0.8964088559150696,
      "lpips": 0.111328125
    },
    {
      "view": 1,
      "psnr": 15.380492210388184,
      "ssim": 0.8872998356819153,
      "lpips": 0.1142578125
    },
    {
      "view": 2,
      "psnr": 20.93092155456543,
      "ssim": 0.9343841671943665,
      "lpips": 0.039794921875
    },
    {
      "view": 3,
      "psnr": 18.828432083129883,
      "ssim": 0.9088156819343567,
      "lpips": 0.06396484375
    }
  ]
}