{
  "step": 6,
  "envmap_name": "dining_chair_02_env_1",
  "psnr": 22.631420135498047,
  "ssim": 0.9242250919342041,
  "lpips": 0.07568359375,
  "per_view": [
    {
      "view": 0,
      "psnr": 23.415279388427734,
      "ssim": 0.9329245686531067,
      "lpips": 0.07177734375
    },
    {
      "view": 1,
      "psnr": 23.05245590209961,
      "ssim": 0.9217563271522522,
      "lpips": 0.0693359375
    },
    {
      "view": 2,
      "psnr": 22.09536361694336,
      "ssim": 0.9233419895172119,
      "lpips": 0.0810546875
    },
    {
      "view": 3,
      "psnr": 21.962583541870117,
      "ssim": 0.9188774228096008,
      "lpips": 0.08056640625
    }
  ]
}