{
  "step": 29,
  "envmap_name": "carved_wooden_plate_white_env_0",
  "psnr": 20.20242691040039,
  "ssim": 0.7772536873817444,
  "lpips": 0.20703125,
  "per_view": [
    {
      "view": 0,
      "psnr": 19.863422393798828,
      "ssim": 0.772768497467041,
      "lpips": 0.20703125
    },
    {
      "view": 1,
      "psnr": 20.29891586303711,
      "ssim": 0.777545154094696,
      "lpips": 0.2119140625
    },
    {
      "view": 2,
      "psnr": 20.38770294189453,
      "ssim": 0.7811782956123352,
      "lpips": 0.203125
    },
    {
      "view": 3,
      "psnr": 20.25966453552246,
      "ssim": 0.7775228023529053,
      "lpips": 0.20703125
    }
  ]
}