{
  "step": 18,
  "envmap_name": "dining_chair_02_env_1",
  "psnr": 20.199626922607422,
  "ssim": 0.8772760629653931,
  "lpips": 0.138671875,
  "per_view": [
    {
      "view": 0,
      "psnr": 18.8172664642334,
      "ssim": 0.8839482665061951,
      "lpips": 0.125
    },
    {
      "view": 1,
      "psnr": 20.2541446685791,
      "ssim": 0.8719186186790466,
      "lpips": 0.1376953125
    },
    {
      "view": 2,
      "psnr": 21.153657913208008,
      "ssim": 0.8787849545478821,
      "lpips": 0.146484375
    },
    {
      "view": 3,
      "psnr": 20.573434829711914,
      "ssim": 0.8744524121284485,
      "lpips": 0.14453125
    }
  ]
}