{
  "step": 35,
  "envmap_name": "ornate_medieval_dagger_white_env_0",
  "psnr": 15.302757263183594,
  "ssim": 0.7784984111785889,
  "lpips": 0.390625,
  "per_view": [
    {
      "view": 0,
      "psnr": 10.400534629821777,
      "ssim": 0.599339485168457,
      "lpips": 0.64453125
    },
    {
      "view": 1,
      "psnr": 13.63284683227539,
      "ssim": 0.6981640458106995,
      "lpips": 0.376953125
    },
    {
      "view": 2,
      "psnr": 18.268779754638672,
      "ssim": 0.9183341860771179,
      "lpips": 0.2578125
    },
    {
      "view": 3,
      "psnr": 18.90886688232422,
      "ssim": 0.8981558680534363,
      "lpips": 0.287109375
    }
  ]
}