{
  "step": 42,
  "envmap_name": "Megaphone_01_env_0",
  "psnr": 9.305315017700195,
  "ssim": 0.6144700050354004,
  "lpips": 0.515625,
  "per_view": [
    {
      "view": 0,
      "psnr": 10.262078285217285,
      "ssim": 0.582588791847229,
      "lpips": 0.55078125
    },
    {
      "view": 1,
      "psnr": 11.238801956176758,
      "ssim": 0.6384056210517883,
      "lpips": 0.421875
    },
    {
      "view": 2,
      "psnr": 10.558043479919434,
      "ssim": 0.7596170902252197,
      "lpips": 0.33203125
    },
    {
      "view": 3,
      "psnr": 5.162336826324463,
      "ssim": 0.47726842761039734,
      "lpips": 0.75
    }
  ]
}