{
  "step": 36,
  "envmap_name": "dining_chair_02_env_1",
  "psnr": 8.262609481811523,
  "ssim": 0.570367693901062,
  "lpips": 0.68359375,
  "per_view": [
    {
      "view": 0,
      "psnr": 8.440849304199219,
      "ssim": 0.5864253640174866,
      "lpips": 0.6875
    },
    {
      "view": 1,
      "psnr": 8.975931167602539,
      "ssim": 0.6129043102264404,
      "lpips": 0.59375
    },
    {
      "view": 2,
      "psnr": 7.54554557800293,
      "ssim": 0.5129742622375488,
      "lpips": 0.7265625
    },
    {
      "view": 3,
      "psnr": 8.088111877441406,
      "ssim": 0.569166898727417,
      "lpips": 0.72265625
    }
  ]
}