{
  "step": 43,
  "envmap_name": "dining_chair_02_env_2",
  "psnr": 15.174724578857422,
  "ssim": 0.8167479038238525,
  "lpips": 0.205078125,
  "per_view": [
    {
      "view": 0,
      "psnr": 15.740787506103516,
      "ssim": 0.8338163495063782,
      "lpips": 0.193359375
    },
    {
      "view": 1,
      "psnr": 15.22800064086914,
      "ssim": 0.8107686638832092,
      "lpips": 0.201171875
    },
    {
      "view": 2,
      "psnr": 14.876850128173828,
      "ssim": 0.8104417324066162,
      "lpips": 0.2177734375
    },
    {
      "view": 3,
      "psnr": 14.853261947631836,
      "ssim": 0.8119648098945618,
      "lpips": 0.2060546875
    }
  ]
}