{
  "step": 27,
  "envmap_name": "Megaphone_01_env_0",
  "psnr": 11.262137413024902,
  "ssim": 0.7392181754112244,
  "lpips": 0.546875,
  "per_view": [
    {
      "view": 0,
      "psnr": 10.639789581298828,
      "ssim": 0.6845293641090393,
      "lpips": 0.6484375
    },
    {
      "view": 1,
      "psnr": 11.767353057861328,
      "ssim": 0.7414355278015137,
      "lpips": 0.5625
    },
    {
      "view": 2,
      "psnr": 11.894755363464355,
      "ssim": 0.7619765400886536,
      "lpips": 0.5390625
    },
    {
      "view": 3,
      "psnr": 10.746650695800781,
      "ssim": 0.7689313888549805,
      "lpips": 0.431640625
    }
  ]
}