{
  "step": 1,
  "envmap_name": "carved_wooden_plate_env_2",
  "psnr": 26.427871704101562,
  "ssim": 0.9191826581954956,
  "lpips": 0.0654296875,
  "per_view": [
    {
      "view": 0,
      "psnr": 26.835071563720703,
      "ssim": 0.930736243724823,
      "lpips": 0.06005859375
    },
    {
      "view": 1,
      "psnr": 26.09960174560547,
      "ssim": 0.9118724465370178,
      "lpips": 0.07666015625
    },
    {
      "view": 2,
      "psnr": 26.276878356933594,
      "ssim": 0.9145280718803406,
      "lpips": 0.06396484375
    },
    {
      "view": 3,
      "psnr": 26.499929428100586,
      "ssim": 0.9195938110351562,
      "lpips": 0.06103515625
    }
  ]
}