{
  "step": 48,
  "envmap_name": "carved_wooden_plate_env_0",
  "psnr": 17.233293533325195,
  "ssim": 0.7387387752532959,
  "lpips": 0.21875,
  "per_view": [
    {
      "view": 0,
      "psnr": 17.211502075195312,
      "ssim": 0.7374542355537415,
      "lpips": 0.216796875
    },
    {
      "view": 1,
      "psnr": 16.366134643554688,
      "ssim": 0.7316401600837708,
      "lpips": 0.2265625
    },
    {
      "view": 2,
      "psnr": 17.648887634277344,
      "ssim": 0.7446081042289734,
      "lpips": 0.208984375
    },
    {
      "view": 3,
      "psnr": 17.706649780273438,
      "ssim": 0.741252601146698,
      "lpips": 0.220703125
    }
  ]
}