{
  "step": 25,
  "envmap_name": "dining_chair_02_env_2",
  "psnr": 16.09998321533203,
  "ssim": 0.8723969459533691,
  "lpips": 0.169921875,
  "per_view": [
    {
      "view": 0,
      "psnr": 16.650375366210938,
      "ssim": 0.8800639510154724,
      "lpips": 0.1630859375
    },
    {
      "view": 1,
      "psnr": 16.110599517822266,
      "ssim": 0.8665120005607605,
      "lpips": 0.16015625
    },
    {
      "view": 2,
      "psnr": 15.750993728637695,
      "ssim": 0.8708562850952148,
      "lpips": 0.177734375
    },
    {
      "view": 3,
      "psnr": 15.887965202331543,
      "ssim": 0.8721553683280945,
      "lpips": 0.1796875
    }
  ]
}