{
  "step": 30,
  "envmap_name": "Megaphone_01_env_0",
  "psnr": 10.884025573730469,
  "ssim": 0.7226985692977905,
  "lpips": 0.5703125,
  "per_view": [
    {
      "view": 0,
      "psnr": 9.76518726348877,
      "ssim": 0.7221488952636719,
      "lpips": 0.51171875
    },
    {
      "view": 1,
      "psnr": 10.644989013671875,
      "ssim": 0.7101874351501465,
      "lpips": 0.6015625
    },
    {
      "view": 2,
      "psnr": 11.71827507019043,
      "ssim": 0.7259427905082703,
      "lpips": 0.5546875
    },
    {
      "view": 3,
      "psnr": 11.407651901245117,
      "ssim": 0.732515275478363,
      "lpips": 0.609375
    }
  ]
}