{
  "step": 3,
  "envmap_name": "carved_wooden_plate_env_0",
  "psnr": 22.523679733276367,
  "ssim": 0.8632538318634033,
  "lpips": 0.09521484375,
  "per_view": [
    {
      "view": 0,
      "psnr": 23.369361877441406,
      "ssim": 0.8618271946907043,
      "lpips": 0.08642578125
    },
    {
      "view": 1,
      "psnr": 20.665664672851562,
      "ssim": 0.850947916507721,
      "lpips": 0.10693359375
    },
    {
      "view": 2,
      "psnr": 22.79888916015625,
      "ssim": 0.8707086443901062,
      "lpips": 0.09521484375
    },
    {
      "view": 3,
      "psnr": 23.26080322265625,
      "ssim": 0.8695314526557922,
      "lpips": 0.091796875
    }
  ]
}