{
  "summary": {
    "scene_name": "091fe81b15a9439996dee0ac9f19fed9_env_2",
    "psnr": 19.965415954589844,
    "lpips": 0.1962890625,
    "ssim": 0.8000349998474121
  },
  "per_view": [
    {
      "view": 47,
      "psnr": 20.449228286743164,
      "lpips": 0.1826171875,
      "ssim": 0.7825286388397217
    },
    {
      "view": 57,
      "psnr": 20.193344116210938,
      "lpips": 0.240234375,
      "ssim": 0.7982506155967712
    },
    {
      "view": 60,
      "psnr": 19.253677368164062,
      "lpips": 0.1650390625,
      "ssim": 0.8193257451057434
    }
  ]
}