{
  "step": 5,
  "envmap_name": "Megaphone_01_white_env_0",
  "psnr": 21.345386505126953,
  "ssim": 0.8976926207542419,
  "lpips": 0.10009765625,
  "per_view": [
    {
      "view": 0,
      "psnr": 19.546621322631836,
      "ssim": 0.8552455306053162,
      "lpips": 0.134765625
    },
    {
      "view": 1,
      "psnr": 21.279895782470703,
      "ssim": 0.8984919190406799,
      "lpips": 0.103515625
    },
    {
      "view": 2,
      "psnr": 22.299915313720703,
      "ssim": 0.9125690460205078,
      "lpips": 0.0908203125
    },
    {
      "view": 3,
      "psnr": 22.255115509033203,
      "ssim": 0.9244640469551086,
      "lpips": 0.0712890625
    }
  ]
}