{
  "step": 41,
  "envmap_name": "carved_wooden_plate_white_env_0",
  "psnr": 18.082622528076172,
  "ssim": 0.7551752328872681,
  "lpips": 0.21875,
  "per_view": [
    {
      "view": 0,
      "psnr": 17.73558807373047,
      "ssim": 0.7512772679328918,
      "lpips": 0.216796875
    },
    {
      "view": 1,
      "psnr": 18.155630111694336,
      "ssim": 0.7519277930259705,
      "lpips": 0.2275390625
    },
    {
      "view": 2,
      "psnr": 18.24427032470703,
      "ssim": 0.7600627541542053,
      "lpips": 0.2138671875
    },
    {
      "view": 3,
      "psnr": 18.194997787475586,
      "ssim": 0.7574332356452942,
      "lpips": 0.21875
    }
  ]
}