{
  "step": 4,
  "envmap_name": "carved_wooden_plate_env_2",
  "psnr": 24.56110191345215,
  "ssim": 0.904340386390686,
  "lpips": 0.0830078125,
  "per_view": [
    {
      "view": 0,
      "psnr": 25.018136978149414,
      "ssim": 0.9168176054954529,
      "lpips": 0.076171875
    },
    {
      "view": 1,
      "psnr": 24.844074249267578,
      "ssim": 0.8991036415100098,
      "lpips": 0.08935546875
    },
    {
      "view": 2,
      "psnr": 24.105632781982422,
      "ssim": 0.896660566329956,
      "lpips": 0.0869140625
    },
    {
      "view": 3,
      "psnr": 24.27656364440918,
      "ssim": 0.9047796130180359,
      "lpips": 0.08056640625
    }
  ]
}