{
  "step": 41,
  "envmap_name": "Megaphone_01_white_env_0",
  "psnr": 10.727352142333984,
  "ssim": 0.6491298079490662,
  "lpips": 0.52734375,
  "per_view": [
    {
      "view": 0,
      "psnr": 12.339409828186035,
      "ssim": 0.6560230255126953,
      "lpips": 0.546875
    },
    {
      "view": 1,
      "psnr": 12.973100662231445,
      "ssim": 0.6406149864196777,
      "lpips": 0.466796875
    },
    {
      "view": 2,
      "psnr": 12.326681137084961,
      "ssim": 0.7882523536682129,
      "lpips": 0.3515625
    },
    {
      "view": 3,
      "psnr": 5.270216464996338,
      "ssim": 0.5116289258003235,
      "lpips": 0.7421875
    }
  ]
}