{
  "step": 17,
  "envmap_name": "ornate_medieval_dagger_white_env_0",
  "psnr": 22.59160041809082,
  "ssim": 0.9634592533111572,
  "lpips": 0.0283203125,
  "per_view": [
    {
      "view": 0,
      "psnr": 21.64215850830078,
      "ssim": 0.9464491009712219,
      "lpips": 0.044921875
    },
    {
      "view": 1,
      "psnr": 22.84355926513672,
      "ssim": 0.9652971625328064,
      "lpips": 0.0296630859375
    },
    {
      "view": 2,
      "psnr": 22.891874313354492,
      "ssim": 0.9705714583396912,
      "lpips": 0.0194091796875
    },
    {
      "view": 3,
      "psnr": 22.988807678222656,
      "ssim": 0.9715191721916199,
      "lpips": 0.019287109375
    }
  ]
}