{
  "step": 48,
  "envmap_name": "dining_chair_02_env_1",
  "psnr": 17.662338256835938,
  "ssim": 0.8046665191650391,
  "lpips": 0.2041015625,
  "per_view": [
    {
      "view": 0,
      "psnr": 17.866710662841797,
      "ssim": 0.8274168372154236,
      "lpips": 0.189453125
    },
    {
      "view": 1,
      "psnr": 17.712953567504883,
      "ssim": 0.7999747395515442,
      "lpips": 0.205078125
    },
    {
      "view": 2,
      "psnr": 17.609025955200195,
      "ssim": 0.7981991171836853,
      "lpips": 0.2158203125
    },
    {
      "view": 3,
      "psnr": 17.460662841796875,
      "ssim": 0.7930752635002136,
      "lpips": 0.205078125
    }
  ]
}