{
  "step": 39,
  "envmap_name": "dining_chair_02_env_1",
  "psnr": 18.25600814819336,
  "ssim": 0.8315830230712891,
  "lpips": 0.18359375,
  "per_view": [
    {
      "view": 0,
      "psnr": 17.376779556274414,
      "ssim": 0.8420615792274475,
      "lpips": 0.1689453125
    },
    {
      "view": 1,
      "psnr": 18.027484893798828,
      "ssim": 0.8229570388793945,
      "lpips": 0.185546875
    },
    {
      "view": 2,
      "psnr": 19.017887115478516,
      "ssim": 0.8323168754577637,
      "lpips": 0.197265625
    },
    {
      "view": 3,
      "psnr": 18.601877212524414,
      "ssim": 0.8289966583251953,
      "lpips": 0.1845703125
    }
  ]
}