{
  "step": 43,
  "envmap_name": "ornate_medieval_dagger_env_1",
  "psnr": 11.483160972595215,
  "ssim": 0.6674495935440063,
  "lpips": 0.6171875,
  "per_view": [
    {
      "view": 0,
      "psnr": 9.556076049804688,
      "ssim": 0.7080178260803223,
      "lpips": 0.68359375
    },
    {
      "view": 1,
      "psnr": 8.447279930114746,
      "ssim": 0.6191929578781128,
      "lpips": 0.6875
    },
    {
      "view": 2,
      "psnr": 10.766990661621094,
      "ssim": 0.5469267964363098,
      "lpips": 0.6796875
    },
    {
      "view": 3,
      "psnr": 17.162296295166016,
      "ssim": 0.7956609129905701,
      "lpips": 0.416015625
    }
  ]
}