{
  "step": 18,
  "envmap_name": "carved_wooden_plate_env_0",
  "psnr": 21.88094139099121,
  "ssim": 0.8240297436714172,
  "lpips": 0.16796875,
  "per_view": [
    {
      "view": 0,
      "psnr": 22.42828369140625,
      "ssim": 0.8227362036705017,
      "lpips": 0.1640625
    },
    {
      "view": 1,
      "psnr": 20.36901092529297,
      "ssim": 0.8132641911506653,
      "lpips": 0.1650390625
    },
    {
      "view": 2,
      "psnr": 22.35112953186035,
      "ssim": 0.8300358653068542,
      "lpips": 0.1640625
    },
    {
      "view": 3,
      "psnr": 22.37533950805664,
      "ssim": 0.8300827145576477,
      "lpips": 0.177734375
    }
  ]
}