{
  "step": 25,
  "envmap_name": "carved_wooden_plate_env_2",
  "psnr": 20.407508850097656,
  "ssim": 0.7857381105422974,
  "lpips": 0.1904296875,
  "per_view": [
    {
      "view": 0,
      "psnr": 20.220569610595703,
      "ssim": 0.7840909957885742,
      "lpips": 0.18359375
    },
    {
      "view": 1,
      "psnr": 20.436220169067383,
      "ssim": 0.7866585850715637,
      "lpips": 0.1923828125
    },
    {
      "view": 2,
      "psnr": 20.63431167602539,
      "ssim": 0.7885388731956482,
      "lpips": 0.19140625
    },
    {
      "view": 3,
      "psnr": 20.33893585205078,
      "ssim": 0.7836640477180481,
      "lpips": 0.1953125
    }
  ]
}