{
  "summary": {
    "scene_name": "01c9013483b6427fbc2f478e5e328810_env_0",
    "psnr": 16.751949310302734,
    "lpips": 0.255859375,
    "ssim": 0.6761018633842468
  },
  "per_view": [
    {
      "view": 84,
      "psnr": 20.391931533813477,
      "lpips": 0.16015625,
      "ssim": 0.7594923377037048
    },
    {
      "view": 90,
      "psnr": 18.752702713012695,
      "lpips": 0.1376953125,
      "ssim": 0.7444343566894531
    },
    {
      "view": 94,
      "psnr": 11.111207962036133,
      "lpips": 0.46875,
      "ssim": 0.524378776550293
    }
  ]
}