{
  "step": 39,
  "envmap_name": "Megaphone_01_env_0",
  "psnr": 9.382736206054688,
  "ssim": 0.6290171146392822,
  "lpips": 0.5703125,
  "per_view": [
    {
      "view": 0,
      "psnr": 9.748489379882812,
      "ssim": 0.7175695300102234,
      "lpips": 0.439453125
    },
    {
      "view": 1,
      "psnr": 11.195821762084961,
      "ssim": 0.5511731505393982,
      "lpips": 0.55078125
    },
    {
      "view": 2,
      "psnr": 10.697530746459961,
      "ssim": 0.6942998766899109,
      "lpips": 0.51953125
    },
    {
      "view": 3,
      "psnr": 5.889104843139648,
      "ssim": 0.553026020526886,
      "lpips": 0.76953125
    }
  ]
}