{
  "step": 30,
  "envmap_name": "dining_chair_02_env_1",
  "psnr": 18.603374481201172,
  "ssim": 0.8509485721588135,
  "lpips": 0.171875,
  "per_view": [
    {
      "view": 0,
      "psnr": 17.611562728881836,
      "ssim": 0.8580533862113953,
      "lpips": 0.1552734375
    },
    {
      "view": 1,
      "psnr": 18.59708595275879,
      "ssim": 0.8452997207641602,
      "lpips": 0.1748046875
    },
    {
      "view": 2,
      "psnr": 19.327503204345703,
      "ssim": 0.8516843914985657,
      "lpips": 0.1806640625
    },
    {
      "view": 3,
      "psnr": 18.87734603881836,
      "ssim": 0.8487568497657776,
      "lpips": 0.1748046875
    }
  ]
}