{
  "step": 13,
  "envmap_name": "Megaphone_01_env_1",
  "psnr": 16.944738388061523,
  "ssim": 0.8143584728240967,
  "lpips": 0.15234375,
  "per_view": [
    {
      "view": 0,
      "psnr": 18.230276107788086,
      "ssim": 0.8217785954475403,
      "lpips": 0.15625
    },
    {
      "view": 1,
      "psnr": 15.549964904785156,
      "ssim": 0.7971739172935486,
      "lpips": 0.171875
    },
    {
      "view": 2,
      "psnr": 17.527873992919922,
      "ssim": 0.8290669322013855,
      "lpips": 0.1435546875
    },
    {
      "view": 3,
      "psnr": 16.470836639404297,
      "ssim": 0.8094143867492676,
      "lpips": 0.1396484375
    }
  ]
}