{
  "step": 26,
  "envmap_name": "ornate_medieval_dagger_white_env_0",
  "psnr": 16.772127151489258,
  "ssim": 0.8092067241668701,
  "lpips": 0.3125,
  "per_view": [
    {
      "view": 0,
      "psnr": 15.84989070892334,
      "ssim": 0.7429854273796082,
      "lpips": 0.451171875
    },
    {
      "view": 1,
      "psnr": 13.720071792602539,
      "ssim": 0.7363731265068054,
      "lpips": 0.41015625
    },
    {
      "view": 2,
      "psnr": 20.175373077392578,
      "ssim": 0.889338493347168,
      "lpips": 0.1875
    },
    {
      "view": 3,
      "psnr": 17.343172073364258,
      "ssim": 0.8681300282478333,
      "lpips": 0.201171875
    }
  ]
}