{
  "step": 37,
  "envmap_name": "dining_chair_02_env_2",
  "psnr": 7.860790252685547,
  "ssim": 0.5624459981918335,
  "lpips": 0.6796875,
  "per_view": [
    {
      "view": 0,
      "psnr": 8.509756088256836,
      "ssim": 0.5762693881988525,
      "lpips": 0.66796875
    },
    {
      "view": 1,
      "psnr": 8.085734367370605,
      "ssim": 0.6028568148612976,
      "lpips": 0.6171875
    },
    {
      "view": 2,
      "psnr": 7.1818437576293945,
      "ssim": 0.5029284954071045,
      "lpips": 0.72265625
    },
    {
      "view": 3,
      "psnr": 7.665826797485352,
      "ssim": 0.5677292346954346,
      "lpips": 0.703125
    }
  ]
}