{
  "step": 15,
  "envmap_name": "dining_chair_02_env_1",
  "psnr": 20.915206909179688,
  "ssim": 0.8965047597885132,
  "lpips": 0.099609375,
  "per_view": [
    {
      "view": 0,
      "psnr": 21.573692321777344,
      "ssim": 0.9021504521369934,
      "lpips": 0.0986328125
    },
    {
      "view": 1,
      "psnr": 19.05262565612793,
      "ssim": 0.8569648265838623,
      "lpips": 0.1044921875
    },
    {
      "view": 2,
      "psnr": 21.62063980102539,
      "ssim": 0.9174776077270508,
      "lpips": 0.0986328125
    },
    {
      "view": 3,
      "psnr": 21.41387176513672,
      "ssim": 0.9094262719154358,
      "lpips": 0.0966796875
    }
  ]
}