{
  "step": 40,
  "envmap_name": "carved_wooden_plate_env_2",
  "psnr": 17.317106246948242,
  "ssim": 0.7532296180725098,
  "lpips": 0.2138671875,
  "per_view": [
    {
      "view": 0,
      "psnr": 16.930946350097656,
      "ssim": 0.7496581077575684,
      "lpips": 0.2119140625
    },
    {
      "view": 1,
      "psnr": 17.331689834594727,
      "ssim": 0.75030916929245,
      "lpips": 0.2197265625
    },
    {
      "view": 2,
      "psnr": 17.534561157226562,
      "ssim": 0.7581581473350525,
      "lpips": 0.212890625
    },
    {
      "view": 3,
      "psnr": 17.471229553222656,
      "ssim": 0.7547928690910339,
      "lpips": 0.2119140625
    }
  ]
}