{
  "step": 3,
  "envmap_name": "dining_chair_02_env_1",
  "psnr": 23.271501541137695,
  "ssim": 0.9143773317337036,
  "lpips": 0.0947265625,
  "per_view": [
    {
      "view": 0,
      "psnr": 24.04953384399414,
      "ssim": 0.9257946610450745,
      "lpips": 0.08447265625
    },
    {
      "view": 1,
      "psnr": 23.5401554107666,
      "ssim": 0.9082798361778259,
      "lpips": 0.091796875
    },
    {
      "view": 2,
      "psnr": 22.695037841796875,
      "ssim": 0.9119369983673096,
      "lpips": 0.10205078125
    },
    {
      "view": 3,
      "psnr": 22.8012752532959,
      "ssim": 0.9114978909492493,
      "lpips": 0.1015625
    }
  ]
}