{
  "step": 45,
  "envmap_name": "Megaphone_01_env_0",
  "psnr": 9.118244171142578,
  "ssim": 0.5709360241889954,
  "lpips": 0.55078125,
  "per_view": [
    {
      "view": 0,
      "psnr": 9.885442733764648,
      "ssim": 0.47496017813682556,
      "lpips": 0.578125
    },
    {
      "view": 1,
      "psnr": 11.289743423461914,
      "ssim": 0.6236319541931152,
      "lpips": 0.447265625
    },
    {
      "view": 2,
      "psnr": 10.746708869934082,
      "ssim": 0.7291100025177002,
      "lpips": 0.40234375
    },
    {
      "view": 3,
      "psnr": 4.551082611083984,
      "ssim": 0.45604193210601807,
      "lpips": 0.76953125
    }
  ]
}