{
  "step": 46,
  "envmap_name": "Megaphone_01_env_1",
  "psnr": 10.671842575073242,
  "ssim": 0.5720266699790955,
  "lpips": 0.5703125,
  "per_view": [
    {
      "view": 0,
      "psnr": 11.780147552490234,
      "ssim": 0.508283793926239,
      "lpips": 0.5546875
    },
    {
      "view": 1,
      "psnr": 13.336143493652344,
      "ssim": 0.62513667345047,
      "lpips": 0.474609375
    },
    {
      "view": 2,
      "psnr": 13.465496063232422,
      "ssim": 0.7169561386108398,
      "lpips": 0.48828125
    },
    {
      "view": 3,
      "psnr": 4.105581760406494,
      "ssim": 0.437730073928833,
      "lpips": 0.7578125
    }
  ]
}