{
  "step": 47,
  "envmap_name": "dining_chair_02_white_env_0",
  "psnr": 17.01295280456543,
  "ssim": 0.8181264400482178,
  "lpips": 0.21875,
  "per_view": [
    {
      "view": 0,
      "psnr": 18.053794860839844,
      "ssim": 0.8422109484672546,
      "lpips": 0.205078125
    },
    {
      "view": 1,
      "psnr": 16.996395111083984,
      "ssim": 0.8125032782554626,
      "lpips": 0.2158203125
    },
    {
      "view": 2,
      "psnr": 16.434959411621094,
      "ssim": 0.8093881607055664,
      "lpips": 0.2333984375
    },
    {
      "view": 3,
      "psnr": 16.566661834716797,
      "ssim": 0.8084031939506531,
      "lpips": 0.220703125
    }
  ]
}