{
  "step": 4,
  "envmap_name": "dining_chair_02_env_2",
  "psnr": 29.414430618286133,
  "ssim": 0.9555898308753967,
  "lpips": 0.04248046875,
  "per_view": [
    {
      "view": 0,
      "psnr": 25.59050750732422,
      "ssim": 0.9432246088981628,
      "lpips": 0.0546875
    },
    {
      "view": 1,
      "psnr": 29.91304588317871,
      "ssim": 0.951932430267334,
      "lpips": 0.035888671875
    },
    {
      "view": 2,
      "psnr": 31.229080200195312,
      "ssim": 0.9652798175811768,
      "lpips": 0.03857421875
    },
    {
      "view": 3,
      "psnr": 30.925086975097656,
      "ssim": 0.9619223475456238,
      "lpips": 0.04052734375
    }
  ]
}