{
  "step": 36,
  "envmap_name": "dining_chair_02_env_1",
  "psnr": 18.784278869628906,
  "ssim": 0.8431175351142883,
  "lpips": 0.1806640625,
  "per_view": [
    {
      "view": 0,
      "psnr": 17.58283805847168,
      "ssim": 0.849578857421875,
      "lpips": 0.1630859375
    },
    {
      "view": 1,
      "psnr": 18.667680740356445,
      "ssim": 0.8348202705383301,
      "lpips": 0.185546875
    },
    {
      "view": 2,
      "psnr": 19.7020263671875,
      "ssim": 0.8459799885749817,
      "lpips": 0.193359375
    },
    {
      "view": 3,
      "psnr": 19.184568405151367,
      "ssim": 0.8420910835266113,
      "lpips": 0.1806640625
    }
  ]
}