{
  "step": 41,
  "envmap_name": "ornate_medieval_dagger_white_env_0",
  "psnr": 12.685629844665527,
  "ssim": 0.6921913623809814,
  "lpips": 0.5703125,
  "per_view": [
    {
      "view": 0,
      "psnr": 8.832159042358398,
      "ssim": 0.7081583142280579,
      "lpips": 0.69140625
    },
    {
      "view": 1,
      "psnr": 9.1657075881958,
      "ssim": 0.5959300398826599,
      "lpips": 0.65625
    },
    {
      "view": 2,
      "psnr": 13.714803695678711,
      "ssim": 0.6127093434333801,
      "lpips": 0.59375
    },
    {
      "view": 3,
      "psnr": 19.029848098754883,
      "ssim": 0.8519677519798279,
      "lpips": 0.341796875
    }
  ]
}