{
  "step": 8,
  "envmap_name": "Megaphone_01_white_env_0",
  "psnr": 18.281185150146484,
  "ssim": 0.8445791006088257,
  "lpips": 0.13671875,
  "per_view": [
    {
      "view": 0,
      "psnr": 18.70671844482422,
      "ssim": 0.8566157221794128,
      "lpips": 0.134765625
    },
    {
      "view": 1,
      "psnr": 17.348154067993164,
      "ssim": 0.8260741829872131,
      "lpips": 0.1513671875
    },
    {
      "view": 2,
      "psnr": 19.024303436279297,
      "ssim": 0.8575184345245361,
      "lpips": 0.12890625
    },
    {
      "view": 3,
      "psnr": 18.04556655883789,
      "ssim": 0.8381080627441406,
      "lpips": 0.1298828125
    }
  ]
}