{
  "step": 37,
  "envmap_name": "carved_wooden_plate_env_2",
  "psnr": 17.901657104492188,
  "ssim": 0.7577674388885498,
  "lpips": 0.2080078125,
  "per_view": [
    {
      "view": 0,
      "psnr": 17.437288284301758,
      "ssim": 0.7525874972343445,
      "lpips": 0.208984375
    },
    {
      "view": 1,
      "psnr": 17.970230102539062,
      "ssim": 0.754993200302124,
      "lpips": 0.212890625
    },
    {
      "view": 2,
      "psnr": 18.210460662841797,
      "ssim": 0.7634342312812805,
      "lpips": 0.2041015625
    },
    {
      "view": 3,
      "psnr": 17.988651275634766,
      "ssim": 0.7600548267364502,
      "lpips": 0.20703125
    }
  ]
}