{
  "step": 0,
  "envmap_name": "Megaphone_01_env_0",
  "psnr": 19.929218292236328,
  "ssim": 0.8816555738449097,
  "lpips": 0.1044921875,
  "per_view": [
    {
      "view": 0,
      "psnr": 17.657846450805664,
      "ssim": 0.8347377181053162,
      "lpips": 0.140625
    },
    {
      "view": 1,
      "psnr": 20.160762786865234,
      "ssim": 0.8845831751823425,
      "lpips": 0.10888671875
    },
    {
      "view": 2,
      "psnr": 20.681385040283203,
      "ssim": 0.8961365818977356,
      "lpips": 0.09423828125
    },
    {
      "view": 3,
      "psnr": 21.216876983642578,
      "ssim": 0.9111647009849548,
      "lpips": 0.07421875
    }
  ]
}