{
  "summary": {
    "scene_name": "01c9013483b6427fbc2f478e5e328810_white_env_0",
    "psnr": 20.161447525024414,
    "lpips": 0.1552734375,
    "ssim": 0.7556029558181763
  },
  "per_view": [
    {
      "view": 79,
      "psnr": 17.89419937133789,
      "lpips": 0.2265625,
      "ssim": 0.7117606997489929
    },
    {
      "view": 84,
      "psnr": 22.283584594726562,
      "lpips": 0.099609375,
      "ssim": 0.807586133480072
    },
    {
      "view": 87,
      "psnr": 20.306556701660156,
      "lpips": 0.140625,
      "ssim": 0.7474619746208191
    }
  ]
}