{
  "step": 47,
  "envmap_name": "ornate_medieval_dagger_white_env_0",
  "psnr": 11.10920524597168,
  "ssim": 0.6092534065246582,
  "lpips": 0.6640625,
  "per_view": [
    {
      "view": 0,
      "psnr": 14.85461139678955,
      "ssim": 0.7505314350128174,
      "lpips": 0.57421875
    },
    {
      "view": 1,
      "psnr": 8.839279174804688,
      "ssim": 0.6086143851280212,
      "lpips": 0.6640625
    },
    {
      "view": 2,
      "psnr": 8.515663146972656,
      "ssim": 0.5123233199119568,
      "lpips": 0.78125
    },
    {
      "view": 3,
      "psnr": 12.227267265319824,
      "ssim": 0.5655443668365479,
      "lpips": 0.62890625
    }
  ]
}