{
  "step": 40,
  "envmap_name": "dining_chair_02_env_2",
  "psnr": 7.635260581970215,
  "ssim": 0.5241031646728516,
  "lpips": 0.69921875,
  "per_view": [
    {
      "view": 0,
      "psnr": 8.572670936584473,
      "ssim": 0.5202277302742004,
      "lpips": 0.671875
    },
    {
      "view": 1,
      "psnr": 8.18753433227539,
      "ssim": 0.5504183769226074,
      "lpips": 0.69140625
    },
    {
      "view": 2,
      "psnr": 6.494274139404297,
      "ssim": 0.4745241105556488,
      "lpips": 0.73046875
    },
    {
      "view": 3,
      "psnr": 7.286563873291016,
      "ssim": 0.5512425303459167,
      "lpips": 0.703125
    }
  ]
}