{
  "step": 8,
  "envmap_name": "dining_chair_02_white_env_0",
  "psnr": 24.848342895507812,
  "ssim": 0.9501765966415405,
  "lpips": 0.099609375,
  "per_view": [
    {
      "view": 0,
      "psnr": 25.513782501220703,
      "ssim": 0.9489297270774841,
      "lpips": 0.0927734375
    },
    {
      "view": 1,
      "psnr": 24.190448760986328,
      "ssim": 0.9473150372505188,
      "lpips": 0.10009765625
    },
    {
      "view": 2,
      "psnr": 24.659870147705078,
      "ssim": 0.9536567330360413,
      "lpips": 0.10400390625
    },
    {
      "view": 3,
      "psnr": 25.029268264770508,
      "ssim": 0.9508049488067627,
      "lpips": 0.1025390625
    }
  ]
}