{
  "step": 25,
  "envmap_name": "Megaphone_01_env_1",
  "psnr": 13.521600723266602,
  "ssim": 0.7860553860664368,
  "lpips": 0.4921875,
  "per_view": [
    {
      "view": 0,
      "psnr": 12.562887191772461,
      "ssim": 0.7326717972755432,
      "lpips": 0.62890625
    },
    {
      "view": 1,
      "psnr": 14.188526153564453,
      "ssim": 0.7872493863105774,
      "lpips": 0.53125
    },
    {
      "view": 2,
      "psnr": 13.85205078125,
      "ssim": 0.7993261218070984,
      "lpips": 0.47265625
    },
    {
      "view": 3,
      "psnr": 13.482941627502441,
      "ssim": 0.8249742388725281,
      "lpips": 0.3359375
    }
  ]
}