{
  "step": 1,
  "envmap_name": "Megaphone_01_env_1",
  "psnr": 19.51477813720703,
  "ssim": 0.8789395093917847,
  "lpips": 0.10302734375,
  "per_view": [
    {
      "view": 0,
      "psnr": 17.5244197845459,
      "ssim": 0.8264622092247009,
      "lpips": 0.140625
    },
    {
      "view": 1,
      "psnr": 18.490928649902344,
      "ssim": 0.8780341148376465,
      "lpips": 0.107421875
    },
    {
      "view": 2,
      "psnr": 19.565837860107422,
      "ssim": 0.8868951201438904,
      "lpips": 0.095703125
    },
    {
      "view": 3,
      "psnr": 22.477924346923828,
      "ssim": 0.9243664741516113,
      "lpips": 0.06787109375
    }
  ]
}