{
  "step": 30,
  "envmap_name": "carved_wooden_plate_env_0",
  "psnr": 19.87974739074707,
  "ssim": 0.7727418541908264,
  "lpips": 0.201171875,
  "per_view": [
    {
      "view": 0,
      "psnr": 19.81622314453125,
      "ssim": 0.7695522904396057,
      "lpips": 0.201171875
    },
    {
      "view": 1,
      "psnr": 18.90937614440918,
      "ssim": 0.7681732177734375,
      "lpips": 0.19921875
    },
    {
      "view": 2,
      "psnr": 20.354040145874023,
      "ssim": 0.7779673933982849,
      "lpips": 0.19921875
    },
    {
      "view": 3,
      "psnr": 20.439348220825195,
      "ssim": 0.7752745151519775,
      "lpips": 0.205078125
    }
  ]
}