{
  "step": 16,
  "envmap_name": "dining_chair_02_env_2",
  "psnr": 17.5709228515625,
  "ssim": 0.8912786245346069,
  "lpips": 0.1494140625,
  "per_view": [
    {
      "view": 0,
      "psnr": 18.041627883911133,
      "ssim": 0.8956022262573242,
      "lpips": 0.14453125
    },
    {
      "view": 1,
      "psnr": 17.81714630126953,
      "ssim": 0.8911448121070862,
      "lpips": 0.1328125
    },
    {
      "view": 2,
      "psnr": 17.218679428100586,
      "ssim": 0.890439510345459,
      "lpips": 0.1591796875
    },
    {
      "view": 3,
      "psnr": 17.206241607666016,
      "ssim": 0.8879280090332031,
      "lpips": 0.1611328125
    }
  ]
}