{
  "step": 19,
  "envmap_name": "ornate_medieval_dagger_env_1",
  "psnr": 17.765037536621094,
  "ssim": 0.9151173830032349,
  "lpips": 0.0712890625,
  "per_view": [
    {
      "view": 0,
      "psnr": 15.156536102294922,
      "ssim": 0.9051297307014465,
      "lpips": 0.099609375
    },
    {
      "view": 1,
      "psnr": 14.440947532653809,
      "ssim": 0.8910834193229675,
      "lpips": 0.10400390625
    },
    {
      "view": 2,
      "psnr": 23.8048095703125,
      "ssim": 0.9550634026527405,
      "lpips": 0.0277099609375
    },
    {
      "view": 3,
      "psnr": 17.657854080200195,
      "ssim": 0.9091928601264954,
      "lpips": 0.0546875
    }
  ]
}