{
  "step": 21,
  "envmap_name": "dining_chair_02_env_1",
  "psnr": 12.139982223510742,
  "ssim": 0.7379115223884583,
  "lpips": 0.24609375,
  "per_view": [
    {
      "view": 0,
      "psnr": 9.937870979309082,
      "ssim": 0.7219049334526062,
      "lpips": 0.2890625
    },
    {
      "view": 1,
      "psnr": 9.898152351379395,
      "ssim": 0.6965000629425049,
      "lpips": 0.31640625
    },
    {
      "view": 2,
      "psnr": 14.91043472290039,
      "ssim": 0.7775060534477234,
      "lpips": 0.1748046875
    },
    {
      "view": 3,
      "psnr": 13.813468933105469,
      "ssim": 0.755734920501709,
      "lpips": 0.2060546875
    }
  ]
}