{
  "step": 24,
  "envmap_name": "dining_chair_02_env_1",
  "psnr": 19.065624237060547,
  "ssim": 0.8619719743728638,
  "lpips": 0.1552734375,
  "per_view": [
    {
      "view": 0,
      "psnr": 18.031217575073242,
      "ssim": 0.8700697422027588,
      "lpips": 0.140625
    },
    {
      "view": 1,
      "psnr": 19.09782600402832,
      "ssim": 0.857687771320343,
      "lpips": 0.15625
    },
    {
      "view": 2,
      "psnr": 19.793184280395508,
      "ssim": 0.861344575881958,
      "lpips": 0.1640625
    },
    {
      "view": 3,
      "psnr": 19.340272903442383,
      "ssim": 0.85878586769104,
      "lpips": 0.16015625
    }
  ]
}