{
  "step": 22,
  "envmap_name": "dining_chair_02_env_2",
  "psnr": 16.427797317504883,
  "ssim": 0.8790831565856934,
  "lpips": 0.1630859375,
  "per_view": [
    {
      "view": 0,
      "psnr": 16.955514907836914,
      "ssim": 0.8860450387001038,
      "lpips": 0.1552734375
    },
    {
      "view": 1,
      "psnr": 16.47657585144043,
      "ssim": 0.8754093647003174,
      "lpips": 0.150390625
    },
    {
      "view": 2,
      "psnr": 16.056642532348633,
      "ssim": 0.8770959973335266,
      "lpips": 0.171875
    },
    {
      "view": 3,
      "psnr": 16.222455978393555,
      "ssim": 0.8777822852134705,
      "lpips": 0.1748046875
    }
  ]
}