{
  "step": 20,
  "envmap_name": "dining_chair_02_white_env_0",
  "psnr": 13.780866622924805,
  "ssim": 0.790992259979248,
  "lpips": 0.20703125,
  "per_view": [
    {
      "view": 0,
      "psnr": 10.999588012695312,
      "ssim": 0.748242199420929,
      "lpips": 0.259765625
    },
    {
      "view": 1,
      "psnr": 11.061415672302246,
      "ssim": 0.7493538856506348,
      "lpips": 0.26953125
    },
    {
      "view": 2,
      "psnr": 17.247013092041016,
      "ssim": 0.8421552777290344,
      "lpips": 0.1318359375
    },
    {
      "view": 3,
      "psnr": 15.815449714660645,
      "ssim": 0.8242177367210388,
      "lpips": 0.1650390625
    }
  ]
}