{
  "step": 39,
  "envmap_name": "carved_wooden_plate_env_0",
  "psnr": 18.582233428955078,
  "ssim": 0.7551213502883911,
  "lpips": 0.2119140625,
  "per_view": [
    {
      "view": 0,
      "psnr": 18.50320053100586,
      "ssim": 0.7546923160552979,
      "lpips": 0.208984375
    },
    {
      "view": 1,
      "psnr": 17.595163345336914,
      "ssim": 0.7479603290557861,
      "lpips": 0.21484375
    },
    {
      "view": 2,
      "psnr": 19.092830657958984,
      "ssim": 0.7600839734077454,
      "lpips": 0.2109375
    },
    {
      "view": 3,
      "psnr": 19.13773536682129,
      "ssim": 0.7577487826347351,
      "lpips": 0.2119140625
    }
  ]
}