{
  "step": 43,
  "envmap_name": "carved_wooden_plate_env_2",
  "psnr": 16.752941131591797,
  "ssim": 0.747888445854187,
  "lpips": 0.21875,
  "per_view": [
    {
      "view": 0,
      "psnr": 16.411333084106445,
      "ssim": 0.7437464594841003,
      "lpips": 0.21484375
    },
    {
      "view": 1,
      "psnr": 16.796112060546875,
      "ssim": 0.7441340088844299,
      "lpips": 0.2236328125
    },
    {
      "view": 2,
      "psnr": 16.921499252319336,
      "ssim": 0.7535330653190613,
      "lpips": 0.2138671875
    },
    {
      "view": 3,
      "psnr": 16.88282012939453,
      "ssim": 0.7501402497291565,
      "lpips": 0.220703125
    }
  ]
}