{
  "step": 30,
  "envmap_name": "dining_chair_02_env_1",
  "psnr": 9.55527114868164,
  "ssim": 0.5660448670387268,
  "lpips": 0.6328125,
  "per_view": [
    {
      "view": 0,
      "psnr": 9.491280555725098,
      "ssim": 0.6170559525489807,
      "lpips": 0.671875
    },
    {
      "view": 1,
      "psnr": 8.785015106201172,
      "ssim": 0.6009549498558044,
      "lpips": 0.515625
    },
    {
      "view": 2,
      "psnr": 9.998863220214844,
      "ssim": 0.5363886952400208,
      "lpips": 0.6640625
    },
    {
      "view": 3,
      "psnr": 9.94592571258545,
      "ssim": 0.5097798109054565,
      "lpips": 0.6875
    }
  ]
}