{
  "step": 21,
  "envmap_name": "Megaphone_01_env_0",
  "psnr": 11.103647232055664,
  "ssim": 0.7626244425773621,
  "lpips": 0.3984375,
  "per_view": [
    {
      "view": 0,
      "psnr": 11.193061828613281,
      "ssim": 0.7111099362373352,
      "lpips": 0.59375
    },
    {
      "view": 1,
      "psnr": 10.797443389892578,
      "ssim": 0.7828853130340576,
      "lpips": 0.34765625
    },
    {
      "view": 2,
      "psnr": 10.956727981567383,
      "ssim": 0.7777631282806396,
      "lpips": 0.33984375
    },
    {
      "view": 3,
      "psnr": 11.467355728149414,
      "ssim": 0.7787395119667053,
      "lpips": 0.31640625
    }
  ]
}