{
  "step": 19,
  "envmap_name": "dining_chair_02_env_2",
  "psnr": 13.23015308380127,
  "ssim": 0.7809709310531616,
  "lpips": 0.1982421875,
  "per_view": [
    {
      "view": 0,
      "psnr": 10.3314790725708,
      "ssim": 0.7344862818717957,
      "lpips": 0.2451171875
    },
    {
      "view": 1,
      "psnr": 10.576927185058594,
      "ssim": 0.7389771342277527,
      "lpips": 0.244140625
    },
    {
      "view": 2,
      "psnr": 16.429698944091797,
      "ssim": 0.8323749899864197,
      "lpips": 0.1455078125
    },
    {
      "view": 3,
      "psnr": 15.582508087158203,
      "ssim": 0.8180453777313232,
      "lpips": 0.1591796875
    }
  ]
}