{
  "step": 47,
  "envmap_name": "dining_chair_02_white_env_0",
  "psnr": 7.78752326965332,
  "ssim": 0.5886795520782471,
  "lpips": 0.703125,
  "per_view": [
    {
      "view": 0,
      "psnr": 8.531023025512695,
      "ssim": 0.6776242852210999,
      "lpips": 0.6875
    },
    {
      "view": 1,
      "psnr": 7.916287422180176,
      "ssim": 0.6487271785736084,
      "lpips": 0.73828125
    },
    {
      "view": 2,
      "psnr": 6.917076110839844,
      "ssim": 0.46489980816841125,
      "lpips": 0.703125
    },
    {
      "view": 3,
      "psnr": 7.78570556640625,
      "ssim": 0.5634669661521912,
      "lpips": 0.67578125
    }
  ]
}