{
  "step": 48,
  "envmap_name": "ornate_medieval_dagger_env_0",
  "psnr": 10.926666259765625,
  "ssim": 0.6015839576721191,
  "lpips": 0.6484375,
  "per_view": [
    {
      "view": 0,
      "psnr": 15.776419639587402,
      "ssim": 0.8062117695808411,
      "lpips": 0.5
    },
    {
      "view": 1,
      "psnr": 8.172061920166016,
      "ssim": 0.574047863483429,
      "lpips": 0.67578125
    },
    {
      "view": 2,
      "psnr": 8.363369941711426,
      "ssim": 0.47649529576301575,
      "lpips": 0.7734375
    },
    {
      "view": 3,
      "psnr": 11.394814491271973,
      "ssim": 0.5495808720588684,
      "lpips": 0.6484375
    }
  ]
}