{
  "step": 48,
  "envmap_name": "Megaphone_01_env_0",
  "psnr": 9.030904769897461,
  "ssim": 0.49355602264404297,
  "lpips": 0.6171875,
  "per_view": [
    {
      "view": 0,
      "psnr": 9.915350914001465,
      "ssim": 0.5397941470146179,
      "lpips": 0.53125
    },
    {
      "view": 1,
      "psnr": 11.050863265991211,
      "ssim": 0.4908238351345062,
      "lpips": 0.53125
    },
    {
      "view": 2,
      "psnr": 11.04706859588623,
      "ssim": 0.511333167552948,
      "lpips": 0.6484375
    },
    {
      "view": 3,
      "psnr": 4.110339164733887,
      "ssim": 0.43227291107177734,
      "lpips": 0.765625
    }
  ]
}