{
  "step": 7,
  "envmap_name": "carved_wooden_plate_env_2",
  "psnr": 23.283706665039062,
  "ssim": 0.8866228461265564,
  "lpips": 0.10595703125,
  "per_view": [
    {
      "view": 0,
      "psnr": 23.6343994140625,
      "ssim": 0.8988550305366516,
      "lpips": 0.10107421875
    },
    {
      "view": 1,
      "psnr": 23.243244171142578,
      "ssim": 0.8812313079833984,
      "lpips": 0.10791015625
    },
    {
      "view": 2,
      "psnr": 23.006683349609375,
      "ssim": 0.8795337080955505,
      "lpips": 0.1083984375
    },
    {
      "view": 3,
      "psnr": 23.250503540039062,
      "ssim": 0.886871337890625,
      "lpips": 0.1064453125
    }
  ]
}