{
  "step": 28,
  "envmap_name": "ornate_medieval_dagger_env_1",
  "psnr": 15.44568920135498,
  "ssim": 0.7854495048522949,
  "lpips": 0.3671875,
  "per_view": [
    {
      "view": 0,
      "psnr": 14.225345611572266,
      "ssim": 0.7512632012367249,
      "lpips": 0.49609375
    },
    {
      "view": 1,
      "psnr": 14.432085990905762,
      "ssim": 0.7557708621025085,
      "lpips": 0.36328125
    },
    {
      "view": 2,
      "psnr": 17.812339782714844,
      "ssim": 0.8351134657859802,
      "lpips": 0.271484375
    },
    {
      "view": 3,
      "psnr": 15.31298542022705,
      "ssim": 0.7996504306793213,
      "lpips": 0.33984375
    }
  ]
}