{
  "step": 7,
  "envmap_name": "dining_chair_02_env_2",
  "psnr": 27.011749267578125,
  "ssim": 0.939544677734375,
  "lpips": 0.0673828125,
  "per_view": [
    {
      "view": 0,
      "psnr": 24.221420288085938,
      "ssim": 0.928997278213501,
      "lpips": 0.06982421875
    },
    {
      "view": 1,
      "psnr": 26.273601531982422,
      "ssim": 0.9346697926521301,
      "lpips": 0.05908203125
    },
    {
      "view": 2,
      "psnr": 29.007234573364258,
      "ssim": 0.9493319392204285,
      "lpips": 0.0673828125
    },
    {
      "view": 3,
      "psnr": 28.544742584228516,
      "ssim": 0.9451797604560852,
      "lpips": 0.072265625
    }
  ]
}