{
  "step": 26,
  "envmap_name": "dining_chair_02_white_env_0",
  "psnr": 11.963159561157227,
  "ssim": 0.7231150269508362,
  "lpips": 0.404296875,
  "per_view": [
    {
      "view": 0,
      "psnr": 9.918294906616211,
      "ssim": 0.703053891658783,
      "lpips": 0.46484375
    },
    {
      "view": 1,
      "psnr": 9.63312816619873,
      "ssim": 0.6652923226356506,
      "lpips": 0.458984375
    },
    {
      "view": 2,
      "psnr": 15.168251037597656,
      "ssim": 0.7854616641998291,
      "lpips": 0.3203125
    },
    {
      "view": 3,
      "psnr": 13.132963180541992,
      "ssim": 0.7386522889137268,
      "lpips": 0.37109375
    }
  ]
}