{
  "step": 12,
  "envmap_name": "carved_wooden_plate_env_0",
  "psnr": 22.2547664642334,
  "ssim": 0.8525434732437134,
  "lpips": 0.140625,
  "per_view": [
    {
      "view": 0,
      "psnr": 23.164230346679688,
      "ssim": 0.8524793982505798,
      "lpips": 0.13671875
    },
    {
      "view": 1,
      "psnr": 20.69232177734375,
      "ssim": 0.8387174606323242,
      "lpips": 0.1376953125
    },
    {
      "view": 2,
      "psnr": 22.380800247192383,
      "ssim": 0.8588452935218811,
      "lpips": 0.138671875
    },
    {
      "view": 3,
      "psnr": 22.78171157836914,
      "ssim": 0.8601318001747131,
      "lpips": 0.1484375
    }
  ]
}