{
  "step": 32,
  "envmap_name": "ornate_medieval_dagger_white_env_0",
  "psnr": 15.68026351928711,
  "ssim": 0.77497398853302,
  "lpips": 0.384765625,
  "per_view": [
    {
      "view": 0,
      "psnr": 12.238598823547363,
      "ssim": 0.6890060305595398,
      "lpips": 0.5703125
    },
    {
      "view": 1,
      "psnr": 15.205391883850098,
      "ssim": 0.7393357157707214,
      "lpips": 0.3125
    },
    {
      "view": 2,
      "psnr": 18.600698471069336,
      "ssim": 0.8850018382072449,
      "lpips": 0.26953125
    },
    {
      "view": 3,
      "psnr": 16.676362991333008,
      "ssim": 0.7865522503852844,
      "lpips": 0.388671875
    }
  ]
}