{
  "step": 21,
  "envmap_name": "carved_wooden_plate_env_0",
  "psnr": 21.629924774169922,
  "ssim": 0.8091495037078857,
  "lpips": 0.177734375,
  "per_view": [
    {
      "view": 0,
      "psnr": 22.134353637695312,
      "ssim": 0.8061549067497253,
      "lpips": 0.1728515625
    },
    {
      "view": 1,
      "psnr": 20.424396514892578,
      "ssim": 0.799534797668457,
      "lpips": 0.1767578125
    },
    {
      "view": 2,
      "psnr": 21.95867919921875,
      "ssim": 0.8170216679573059,
      "lpips": 0.173828125
    },
    {
      "view": 3,
      "psnr": 22.002267837524414,
      "ssim": 0.8138867020606995,
      "lpips": 0.1875
    }
  ]
}