{
  "step": 27,
  "envmap_name": "dining_chair_02_env_1",
  "psnr": 18.769277572631836,
  "ssim": 0.854777991771698,
  "lpips": 0.1640625,
  "per_view": [
    {
      "view": 0,
      "psnr": 17.79816436767578,
      "ssim": 0.8628408908843994,
      "lpips": 0.1513671875
    },
    {
      "view": 1,
      "psnr": 18.77029800415039,
      "ssim": 0.8499793410301208,
      "lpips": 0.1650390625
    },
    {
      "view": 2,
      "psnr": 19.494234085083008,
      "ssim": 0.854780912399292,
      "lpips": 0.1728515625
    },
    {
      "view": 3,
      "psnr": 19.014413833618164,
      "ssim": 0.8515108227729797,
      "lpips": 0.1689453125
    }
  ]
}