{
  "step": 47,
  "envmap_name": "carved_wooden_plate_white_env_0",
  "psnr": 17.053691864013672,
  "ssim": 0.7434146404266357,
  "lpips": 0.2236328125,
  "per_view": [
    {
      "view": 0,
      "psnr": 16.779888153076172,
      "ssim": 0.7383926510810852,
      "lpips": 0.2236328125
    },
    {
      "view": 1,
      "psnr": 17.1264591217041,
      "ssim": 0.7407691478729248,
      "lpips": 0.234375
    },
    {
      "view": 2,
      "psnr": 17.192951202392578,
      "ssim": 0.7489548325538635,
      "lpips": 0.2138671875
    },
    {
      "view": 3,
      "psnr": 17.11546516418457,
      "ssim": 0.7455419898033142,
      "lpips": 0.22265625
    }
  ]
}