{
  "step": 29,
  "envmap_name": "Megaphone_01_white_env_0",
  "psnr": 12.820253372192383,
  "ssim": 0.7569552659988403,
  "lpips": 0.5546875,
  "per_view": [
    {
      "view": 0,
      "psnr": 12.40729808807373,
      "ssim": 0.7188436388969421,
      "lpips": 0.55859375
    },
    {
      "view": 1,
      "psnr": 12.332619667053223,
      "ssim": 0.7501930594444275,
      "lpips": 0.6171875
    },
    {
      "view": 2,
      "psnr": 13.462766647338867,
      "ssim": 0.7802354693412781,
      "lpips": 0.51171875
    },
    {
      "view": 3,
      "psnr": 13.078330993652344,
      "ssim": 0.7785488963127136,
      "lpips": 0.53125
    }
  ]
}