{
  "step": 11,
  "envmap_name": "dining_chair_02_white_env_0",
  "psnr": 21.082557678222656,
  "ssim": 0.9327099323272705,
  "lpips": 0.1279296875,
  "per_view": [
    {
      "view": 0,
      "psnr": 21.657245635986328,
      "ssim": 0.9360589981079102,
      "lpips": 0.11669921875
    },
    {
      "view": 1,
      "psnr": 20.638076782226562,
      "ssim": 0.9305785298347473,
      "lpips": 0.1279296875
    },
    {
      "view": 2,
      "psnr": 20.836681365966797,
      "ssim": 0.9335012435913086,
      "lpips": 0.1337890625
    },
    {
      "view": 3,
      "psnr": 21.198223114013672,
      "ssim": 0.930700957775116,
      "lpips": 0.1337890625
    }
  ]
}