{
  "step": 18,
  "envmap_name": "Megaphone_01_env_0",
  "psnr": 12.590106964111328,
  "ssim": 0.7625478506088257,
  "lpips": 0.275390625,
  "per_view": [
    {
      "view": 0,
      "psnr": 12.159038543701172,
      "ssim": 0.741395890712738,
      "lpips": 0.30078125
    },
    {
      "view": 1,
      "psnr": 12.004045486450195,
      "ssim": 0.7615511417388916,
      "lpips": 0.291015625
    },
    {
      "view": 2,
      "psnr": 12.618980407714844,
      "ssim": 0.7676122188568115,
      "lpips": 0.2734375
    },
    {
      "view": 3,
      "psnr": 13.578365325927734,
      "ssim": 0.7796320915222168,
      "lpips": 0.2392578125
    }
  ]
}