{
  "step": 4,
  "envmap_name": "dining_chair_02_env_2",
  "psnr": 27.198226928710938,
  "ssim": 0.9461826086044312,
  "lpips": 0.0712890625,
  "per_view": [
    {
      "view": 0,
      "psnr": 25.243724822998047,
      "ssim": 0.9399232864379883,
      "lpips": 0.07470703125
    },
    {
      "view": 1,
      "psnr": 27.66624641418457,
      "ssim": 0.9436748623847961,
      "lpips": 0.061767578125
    },
    {
      "view": 2,
      "psnr": 27.85829734802246,
      "ssim": 0.9517365097999573,
      "lpips": 0.072265625
    },
    {
      "view": 3,
      "psnr": 28.02463722229004,
      "ssim": 0.9493957161903381,
      "lpips": 0.0771484375
    }
  ]
}