{
  "summary": {
    "scene_name": "091fe81b15a9439996dee0ac9f19fed9_env_4",
    "psnr": 25.699193954467773,
    "lpips": 0.0712890625,
    "ssim": 0.9078232049942017
  },
  "per_view": [
    {
      "view": 63,
      "psnr": 24.270078659057617,
      "lpips": 0.083984375,
      "ssim": 0.8812569975852966
    },
    {
      "view": 69,
      "psnr": 25.34130096435547,
      "lpips": 0.07861328125,
      "ssim": 0.9034435153007507
    },
    {
      "view": 70,
      "psnr": 27.4862003326416,
      "lpips": 0.05078125,
      "ssim": 0.9387690424919128
    }
  ]
}