{
  "step": 7,
  "envmap_name": "ornate_medieval_dagger_env_1",
  "psnr": 30.52279281616211,
  "ssim": 0.9857982397079468,
  "lpips": 0.012939453125,
  "per_view": [
    {
      "view": 0,
      "psnr": 31.8523006439209,
      "ssim": 0.9907271862030029,
      "lpips": 0.01123046875
    },
    {
      "view": 1,
      "psnr": 31.006803512573242,
      "ssim": 0.9870514273643494,
      "lpips": 0.01318359375
    },
    {
      "view": 2,
      "psnr": 29.599536895751953,
      "ssim": 0.98213130235672,
      "lpips": 0.0146484375
    },
    {
      "view": 3,
      "psnr": 29.632526397705078,
      "ssim": 0.9832828640937805,
      "lpips": 0.01263427734375
    }
  ]
}