{
  "step": 44,
  "envmap_name": "Megaphone_01_white_env_0",
  "psnr": 10.37907600402832,
  "ssim": 0.5925336480140686,
  "lpips": 0.53515625,
  "per_view": [
    {
      "view": 0,
      "psnr": 11.384346008300781,
      "ssim": 0.47913506627082825,
      "lpips": 0.59765625
    },
    {
      "view": 1,
      "psnr": 13.001089096069336,
      "ssim": 0.6382684707641602,
      "lpips": 0.4453125
    },
    {
      "view": 2,
      "psnr": 12.419547080993652,
      "ssim": 0.7764995694160461,
      "lpips": 0.349609375
    },
    {
      "view": 3,
      "psnr": 4.71132230758667,
      "ssim": 0.47623157501220703,
      "lpips": 0.74609375
    }
  ]
}