{
  "step": 3,
  "envmap_name": "ornate_medieval_dagger_env_0",
  "psnr": 34.58979034423828,
  "ssim": 0.9895563125610352,
  "lpips": 0.01123046875,
  "per_view": [
    {
      "view": 0,
      "psnr": 34.477474212646484,
      "ssim": 0.992077648639679,
      "lpips": 0.00927734375
    },
    {
      "view": 1,
      "psnr": 36.13020706176758,
      "ssim": 0.9917154312133789,
      "lpips": 0.0106201171875
    },
    {
      "view": 2,
      "psnr": 33.9140739440918,
      "ssim": 0.9865337014198303,
      "lpips": 0.0125732421875
    },
    {
      "view": 3,
      "psnr": 33.8374137878418,
      "ssim": 0.9878985285758972,
      "lpips": 0.012451171875
    }
  ]
}