{
  "step": 49,
  "envmap_name": "ornate_medieval_dagger_env_1",
  "psnr": 11.162467956542969,
  "ssim": 0.603082537651062,
  "lpips": 0.63671875,
  "per_view": [
    {
      "view": 0,
      "psnr": 17.17002296447754,
      "ssim": 0.8468498587608337,
      "lpips": 0.42578125
    },
    {
      "view": 1,
      "psnr": 7.667804718017578,
      "ssim": 0.5535417199134827,
      "lpips": 0.6875
    },
    {
      "view": 2,
      "psnr": 8.704594612121582,
      "ssim": 0.4724021255970001,
      "lpips": 0.765625
    },
    {
      "view": 3,
      "psnr": 11.107452392578125,
      "ssim": 0.5395365357398987,
      "lpips": 0.6640625
    }
  ]
}