{
  "step": 33,
  "envmap_name": "carved_wooden_plate_env_0",
  "psnr": 19.461645126342773,
  "ssim": 0.7660101056098938,
  "lpips": 0.205078125,
  "per_view": [
    {
      "view": 0,
      "psnr": 19.294031143188477,
      "ssim": 0.7612264752388,
      "lpips": 0.208984375
    },
    {
      "view": 1,
      "psnr": 18.494930267333984,
      "ssim": 0.7602789402008057,
      "lpips": 0.20703125
    },
    {
      "view": 2,
      "psnr": 20.018537521362305,
      "ssim": 0.7726853489875793,
      "lpips": 0.1982421875
    },
    {
      "view": 3,
      "psnr": 20.039081573486328,
      "ssim": 0.7698497772216797,
      "lpips": 0.20703125
    }
  ]
}