{
  "step": 21,
  "envmap_name": "dining_chair_02_env_1",
  "psnr": 19.541555404663086,
  "ssim": 0.869425892829895,
  "lpips": 0.1474609375,
  "per_view": [
    {
      "view": 0,
      "psnr": 18.392417907714844,
      "ssim": 0.8767674565315247,
      "lpips": 0.1328125
    },
    {
      "view": 1,
      "psnr": 19.611385345458984,
      "ssim": 0.8652331829071045,
      "lpips": 0.146484375
    },
    {
      "view": 2,
      "psnr": 20.3184871673584,
      "ssim": 0.8690073490142822,
      "lpips": 0.1572265625
    },
    {
      "view": 3,
      "psnr": 19.843931198120117,
      "ssim": 0.8666957020759583,
      "lpips": 0.154296875
    }
  ]
}