{
  "step": 24,
  "envmap_name": "Megaphone_01_env_0",
  "psnr": 11.056163787841797,
  "ssim": 0.7631491422653198,
  "lpips": 0.47265625,
  "per_view": [
    {
      "view": 0,
      "psnr": 10.877121925354004,
      "ssim": 0.6936385035514832,
      "lpips": 0.62890625
    },
    {
      "view": 1,
      "psnr": 11.496342658996582,
      "ssim": 0.7876083254814148,
      "lpips": 0.482421875
    },
    {
      "view": 2,
      "psnr": 11.02061653137207,
      "ssim": 0.7841790318489075,
      "lpips": 0.431640625
    },
    {
      "view": 3,
      "psnr": 10.830573081970215,
      "ssim": 0.7871705889701843,
      "lpips": 0.3515625
    }
  ]
}