{
  "step": 23,
  "envmap_name": "dining_chair_02_white_env_0",
  "psnr": 11.932880401611328,
  "ssim": 0.7575937509536743,
  "lpips": 0.275390625,
  "per_view": [
    {
      "view": 0,
      "psnr": 10.383705139160156,
      "ssim": 0.7458927631378174,
      "lpips": 0.3359375
    },
    {
      "view": 1,
      "psnr": 10.056764602661133,
      "ssim": 0.7272037863731384,
      "lpips": 0.33984375
    },
    {
      "view": 2,
      "psnr": 14.181726455688477,
      "ssim": 0.7900018095970154,
      "lpips": 0.19140625
    },
    {
      "view": 3,
      "psnr": 13.109325408935547,
      "ssim": 0.7672767043113708,
      "lpips": 0.232421875
    }
  ]
}