{
  "step": 32,
  "envmap_name": "carved_wooden_plate_white_env_0",
  "psnr": 19.621257781982422,
  "ssim": 0.7701630592346191,
  "lpips": 0.2109375,
  "per_view": [
    {
      "view": 0,
      "psnr": 19.222835540771484,
      "ssim": 0.7633993029594421,
      "lpips": 0.21484375
    },
    {
      "view": 1,
      "psnr": 19.73910903930664,
      "ssim": 0.7696774005889893,
      "lpips": 0.21484375
    },
    {
      "view": 2,
      "psnr": 19.7899169921875,
      "ssim": 0.7755087018013,
      "lpips": 0.205078125
    },
    {
      "view": 3,
      "psnr": 19.73316764831543,
      "ssim": 0.7720668911933899,
      "lpips": 0.208984375
    }
  ]
}