{
  "step": 48,
  "envmap_name": "dining_chair_02_env_1",
  "psnr": 7.826243877410889,
  "ssim": 0.551548421382904,
  "lpips": 0.71875,
  "per_view": [
    {
      "view": 0,
      "psnr": 8.412614822387695,
      "ssim": 0.6481536030769348,
      "lpips": 0.6953125
    },
    {
      "view": 1,
      "psnr": 7.804668426513672,
      "ssim": 0.611943244934082,
      "lpips": 0.7578125
    },
    {
      "view": 2,
      "psnr": 7.050094127655029,
      "ssim": 0.4245697557926178,
      "lpips": 0.7109375
    },
    {
      "view": 3,
      "psnr": 8.03759765625,
      "ssim": 0.521527111530304,
      "lpips": 0.7109375
    }
  ]
}