{
  "step": 32,
  "envmap_name": "Megaphone_01_white_env_0",
  "psnr": 11.502706527709961,
  "ssim": 0.725129246711731,
  "lpips": 0.5390625,
  "per_view": [
    {
      "view": 0,
      "psnr": 11.382588386535645,
      "ssim": 0.757335364818573,
      "lpips": 0.3984375
    },
    {
      "view": 1,
      "psnr": 11.893547058105469,
      "ssim": 0.740467369556427,
      "lpips": 0.5078125
    },
    {
      "view": 2,
      "psnr": 12.602287292480469,
      "ssim": 0.7253846526145935,
      "lpips": 0.55859375
    },
    {
      "view": 3,
      "psnr": 10.132403373718262,
      "ssim": 0.6773295998573303,
      "lpips": 0.69140625
    }
  ]
}