{
  "step": 1,
  "envmap_name": "dining_chair_02_env_2",
  "psnr": 28.20949363708496,
  "ssim": 0.950488805770874,
  "lpips": 0.05126953125,
  "per_view": [
    {
      "view": 0,
      "psnr": 25.264766693115234,
      "ssim": 0.9415069222450256,
      "lpips": 0.05908203125
    },
    {
      "view": 1,
      "psnr": 28.944416046142578,
      "ssim": 0.9455251097679138,
      "lpips": 0.045166015625
    },
    {
      "view": 2,
      "psnr": 29.370018005371094,
      "ssim": 0.9589216113090515,
      "lpips": 0.048828125
    },
    {
      "view": 3,
      "psnr": 29.258773803710938,
      "ssim": 0.9560016989707947,
      "lpips": 0.052490234375
    }
  ]
}