{
  "step": 19,
  "envmap_name": "carved_wooden_plate_env_2",
  "psnr": 22.27764892578125,
  "ssim": 0.8192062973976135,
  "lpips": 0.1669921875,
  "per_view": [
    {
      "view": 0,
      "psnr": 22.528038024902344,
      "ssim": 0.8235436081886292,
      "lpips": 0.16015625
    },
    {
      "view": 1,
      "psnr": 22.064697265625,
      "ssim": 0.8188416361808777,
      "lpips": 0.169921875
    },
    {
      "view": 2,
      "psnr": 22.39079475402832,
      "ssim": 0.8193440437316895,
      "lpips": 0.166015625
    },
    {
      "view": 3,
      "psnr": 22.127063751220703,
      "ssim": 0.815095841884613,
      "lpips": 0.1728515625
    }
  ]
}