{
  "step": 12,
  "envmap_name": "dining_chair_02_env_1",
  "psnr": 22.682228088378906,
  "ssim": 0.894702672958374,
  "lpips": 0.1220703125,
  "per_view": [
    {
      "view": 0,
      "psnr": 20.899757385253906,
      "ssim": 0.8996105194091797,
      "lpips": 0.115234375
    },
    {
      "view": 1,
      "psnr": 22.6639347076416,
      "ssim": 0.8892696499824524,
      "lpips": 0.1181640625
    },
    {
      "view": 2,
      "psnr": 23.880062103271484,
      "ssim": 0.896894633769989,
      "lpips": 0.1279296875
    },
    {
      "view": 3,
      "psnr": 23.28516387939453,
      "ssim": 0.8930359482765198,
      "lpips": 0.1259765625
    }
  ]
}