{
  "summary": {
    "scene_name": "01c9013483b6427fbc2f478e5e328810_env_4",
    "psnr": 17.96712303161621,
    "lpips": 0.17578125,
    "ssim": 0.6968820095062256
  },
  "per_view": [
    {
      "view": 68,
      "psnr": 15.600767135620117,
      "lpips": 0.212890625,
      "ssim": 0.6390740275382996
    },
    {
      "view": 69,
      "psnr": 19.84220314025879,
      "lpips": 0.1220703125,
      "ssim": 0.7502307891845703
    },
    {
      "view": 75,
      "psnr": 18.458398818969727,
      "lpips": 0.19140625,
      "ssim": 0.7013411521911621
    }
  ]
}