{
  "summary": {
    "scene_name": "01c9013483b6427fbc2f478e5e328810_env_3",
    "psnr": 18.21870994567871,
    "lpips": 0.1689453125,
    "ssim": 0.7037400603294373
  },
  "per_view": [
    {
      "view": 36,
      "psnr": 17.399486541748047,
      "lpips": 0.1787109375,
      "ssim": 0.6737196445465088
    },
    {
      "view": 42,
      "psnr": 20.997406005859375,
      "lpips": 0.1396484375,
      "ssim": 0.7724040150642395
    },
    {
      "view": 52,
      "psnr": 16.259233474731445,
      "lpips": 0.189453125,
      "ssim": 0.6650965809822083
    }
  ]
}