{
  "step": 45,
  "envmap_name": "dining_chair_02_env_1",
  "psnr": 7.609877109527588,
  "ssim": 0.5432386994361877,
  "lpips": 0.71484375,
  "per_view": [
    {
      "view": 0,
      "psnr": 7.9756879806518555,
      "ssim": 0.6263198256492615,
      "lpips": 0.703125
    },
    {
      "view": 1,
      "psnr": 8.536219596862793,
      "ssim": 0.5886432528495789,
      "lpips": 0.7421875
    },
    {
      "view": 2,
      "psnr": 6.64749813079834,
      "ssim": 0.43792882561683655,
      "lpips": 0.7265625
    },
    {
      "view": 3,
      "psnr": 7.280102252960205,
      "ssim": 0.5200628638267517,
      "lpips": 0.68359375
    }
  ]
}