{
  "step": 5,
  "envmap_name": "dining_chair_02_white_env_0",
  "psnr": 30.454343795776367,
  "ssim": 0.9644519090652466,
  "lpips": 0.064453125,
  "per_view": [
    {
      "view": 0,
      "psnr": 30.629899978637695,
      "ssim": 0.9578490853309631,
      "lpips": 0.0654296875
    },
    {
      "view": 1,
      "psnr": 30.5538330078125,
      "ssim": 0.9623336791992188,
      "lpips": 0.06396484375
    },
    {
      "view": 2,
      "psnr": 30.16036605834961,
      "ssim": 0.9701322913169861,
      "lpips": 0.0634765625
    },
    {
      "view": 3,
      "psnr": 30.473278045654297,
      "ssim": 0.9674925804138184,
      "lpips": 0.06494140625
    }
  ]
}