{
  "step": 49,
  "envmap_name": "dining_chair_02_env_2",
  "psnr": 7.6565399169921875,
  "ssim": 0.5460683107376099,
  "lpips": 0.71875,
  "per_view": [
    {
      "view": 0,
      "psnr": 8.283719062805176,
      "ssim": 0.6448095440864563,
      "lpips": 0.68359375
    },
    {
      "view": 1,
      "psnr": 7.2794718742370605,
      "ssim": 0.6110865473747253,
      "lpips": 0.75
    },
    {
      "view": 2,
      "psnr": 7.091980934143066,
      "ssim": 0.4163781404495239,
      "lpips": 0.703125
    },
    {
      "view": 3,
      "psnr": 7.9709882736206055,
      "ssim": 0.5119989514350891,
      "lpips": 0.734375
    }
  ]
}