{
  "step": 17,
  "envmap_name": "Megaphone_01_white_env_0",
  "psnr": 15.284324645996094,
  "ssim": 0.7915207147598267,
  "lpips": 0.21875,
  "per_view": [
    {
      "view": 0,
      "psnr": 15.154580116271973,
      "ssim": 0.7897710800170898,
      "lpips": 0.2265625
    },
    {
      "view": 1,
      "psnr": 14.236103057861328,
      "ssim": 0.7733967304229736,
      "lpips": 0.25
    },
    {
      "view": 2,
      "psnr": 15.514249801635742,
      "ssim": 0.7952156662940979,
      "lpips": 0.212890625
    },
    {
      "view": 3,
      "psnr": 16.232364654541016,
      "ssim": 0.80769944190979,
      "lpips": 0.185546875
    }
  ]
}