{
  "step": 20,
  "envmap_name": "carved_wooden_plate_white_env_0",
  "psnr": 22.767353057861328,
  "ssim": 0.8214741945266724,
  "lpips": 0.18359375,
  "per_view": [
    {
      "view": 0,
      "psnr": 23.202739715576172,
      "ssim": 0.8230895400047302,
      "lpips": 0.1796875
    },
    {
      "view": 1,
      "psnr": 22.317598342895508,
      "ssim": 0.8212859034538269,
      "lpips": 0.189453125
    },
    {
      "view": 2,
      "psnr": 22.862674713134766,
      "ssim": 0.8233028054237366,
      "lpips": 0.177734375
    },
    {
      "view": 3,
      "psnr": 22.6863956451416,
      "ssim": 0.8182187080383301,
      "lpips": 0.189453125
    }
  ]
}