{
  "step": 41,
  "envmap_name": "dining_chair_02_white_env_0",
  "psnr": 8.00362777709961,
  "ssim": 0.5558940172195435,
  "lpips": 0.6953125,
  "per_view": [
    {
      "view": 0,
      "psnr": 8.990299224853516,
      "ssim": 0.5566388964653015,
      "lpips": 0.6640625
    },
    {
      "view": 1,
      "psnr": 8.767923355102539,
      "ssim": 0.592705488204956,
      "lpips": 0.69921875
    },
    {
      "view": 2,
      "psnr": 6.834504127502441,
      "ssim": 0.49890103936195374,
      "lpips": 0.7265625
    },
    {
      "view": 3,
      "psnr": 7.421785354614258,
      "ssim": 0.5753305554389954,
      "lpips": 0.69140625
    }
  ]
}