{
  "step": 42,
  "envmap_name": "dining_chair_02_env_1",
  "psnr": 7.819608688354492,
  "ssim": 0.5272371768951416,
  "lpips": 0.703125,
  "per_view": [
    {
      "view": 0,
      "psnr": 8.389376640319824,
      "ssim": 0.5620267987251282,
      "lpips": 0.68359375
    },
    {
      "view": 1,
      "psnr": 9.038549423217773,
      "ssim": 0.5604304075241089,
      "lpips": 0.6953125
    },
    {
      "view": 2,
      "psnr": 6.641107559204102,
      "ssim": 0.462276428937912,
      "lpips": 0.73828125
    },
    {
      "view": 3,
      "psnr": 7.209401607513428,
      "ssim": 0.5242149233818054,
      "lpips": 0.703125
    }
  ]
}