{
  "step": 24,
  "envmap_name": "dining_chair_02_env_1",
  "psnr": 11.658838272094727,
  "ssim": 0.7193372249603271,
  "lpips": 0.314453125,
  "per_view": [
    {
      "view": 0,
      "psnr": 9.94556999206543,
      "ssim": 0.7154763340950012,
      "lpips": 0.359375
    },
    {
      "view": 1,
      "psnr": 9.38551139831543,
      "ssim": 0.671977698802948,
      "lpips": 0.38671875
    },
    {
      "view": 2,
      "psnr": 14.610814094543457,
      "ssim": 0.7587563991546631,
      "lpips": 0.240234375
    },
    {
      "view": 3,
      "psnr": 12.693458557128906,
      "ssim": 0.7311384677886963,
      "lpips": 0.2734375
    }
  ]
}