{
  "step": 27,
  "envmap_name": "dining_chair_02_env_1",
  "psnr": 11.521915435791016,
  "ssim": 0.6534007787704468,
  "lpips": 0.51171875,
  "per_view": [
    {
      "view": 0,
      "psnr": 9.715073585510254,
      "ssim": 0.6213487982749939,
      "lpips": 0.578125
    },
    {
      "view": 1,
      "psnr": 9.208389282226562,
      "ssim": 0.6159306168556213,
      "lpips": 0.49609375
    },
    {
      "view": 2,
      "psnr": 15.174179077148438,
      "ssim": 0.7118130326271057,
      "lpips": 0.4609375
    },
    {
      "view": 3,
      "psnr": 11.990020751953125,
      "ssim": 0.6645105481147766,
      "lpips": 0.51171875
    }
  ]
}