{
  "step": 44,
  "envmap_name": "carved_wooden_plate_white_env_0",
  "psnr": 17.570173263549805,
  "ssim": 0.7499104142189026,
  "lpips": 0.2197265625,
  "per_view": [
    {
      "view": 0,
      "psnr": 17.275020599365234,
      "ssim": 0.7452526688575745,
      "lpips": 0.2177734375
    },
    {
      "view": 1,
      "psnr": 17.69367027282715,
      "ssim": 0.7470657229423523,
      "lpips": 0.2294921875
    },
    {
      "view": 2,
      "psnr": 17.6788272857666,
      "ssim": 0.7547995448112488,
      "lpips": 0.2099609375
    },
    {
      "view": 3,
      "psnr": 17.633174896240234,
      "ssim": 0.75252366065979,
      "lpips": 0.22265625
    }
  ]
}