{
  "step": 14,
  "envmap_name": "carved_wooden_plate_white_env_0",
  "psnr": 23.51480484008789,
  "ssim": 0.8660852313041687,
  "lpips": 0.1572265625,
  "per_view": [
    {
      "view": 0,
      "psnr": 24.276317596435547,
      "ssim": 0.8692724108695984,
      "lpips": 0.150390625
    },
    {
      "view": 1,
      "psnr": 23.0491943359375,
      "ssim": 0.8625360131263733,
      "lpips": 0.166015625
    },
    {
      "view": 2,
      "psnr": 23.22728729248047,
      "ssim": 0.8678452372550964,
      "lpips": 0.1533203125
    },
    {
      "view": 3,
      "psnr": 23.50642204284668,
      "ssim": 0.8646872043609619,
      "lpips": 0.158203125
    }
  ]
}