{
  "step": 16,
  "envmap_name": "dining_chair_02_env_2",
  "psnr": 26.55731773376465,
  "ssim": 0.933407187461853,
  "lpips": 0.06787109375,
  "per_view": [
    {
      "view": 0,
      "psnr": 24.280742645263672,
      "ssim": 0.9257705807685852,
      "lpips": 0.07421875
    },
    {
      "view": 1,
      "psnr": 21.639148712158203,
      "ssim": 0.8941495418548584,
      "lpips": 0.07275390625
    },
    {
      "view": 2,
      "psnr": 30.52077865600586,
      "ssim": 0.9595109820365906,
      "lpips": 0.0595703125
    },
    {
      "view": 3,
      "psnr": 29.788599014282227,
      "ssim": 0.9541977047920227,
      "lpips": 0.0654296875
    }
  ]
}