{
  "step": 29,
  "envmap_name": "ornate_medieval_dagger_white_env_0",
  "psnr": 16.755870819091797,
  "ssim": 0.7977594137191772,
  "lpips": 0.349609375,
  "per_view": [
    {
      "view": 0,
      "psnr": 14.02951431274414,
      "ssim": 0.7540943026542664,
      "lpips": 0.47265625
    },
    {
      "view": 1,
      "psnr": 15.44869327545166,
      "ssim": 0.7660754323005676,
      "lpips": 0.3359375
    },
    {
      "view": 2,
      "psnr": 20.03335189819336,
      "ssim": 0.8660758137702942,
      "lpips": 0.23828125
    },
    {
      "view": 3,
      "psnr": 17.511919021606445,
      "ssim": 0.8047919869422913,
      "lpips": 0.3515625
    }
  ]
}