{
  "step": 27,
  "envmap_name": "ornate_medieval_dagger_env_0",
  "psnr": 14.796862602233887,
  "ssim": 0.7793840169906616,
  "lpips": 0.361328125,
  "per_view": [
    {
      "view": 0,
      "psnr": 14.449111938476562,
      "ssim": 0.7243494987487793,
      "lpips": 0.50390625
    },
    {
      "view": 1,
      "psnr": 13.56357192993164,
      "ssim": 0.7393658757209778,
      "lpips": 0.392578125
    },
    {
      "view": 2,
      "psnr": 16.694242477416992,
      "ssim": 0.8405168056488037,
      "lpips": 0.2451171875
    },
    {
      "view": 3,
      "psnr": 14.480524063110352,
      "ssim": 0.8133038878440857,
      "lpips": 0.30078125
    }
  ]
}