{
  "step": 13,
  "envmap_name": "dining_chair_02_env_2",
  "psnr": 18.748992919921875,
  "ssim": 0.8994283080101013,
  "lpips": 0.142578125,
  "per_view": [
    {
      "view": 0,
      "psnr": 18.99917984008789,
      "ssim": 0.9013383984565735,
      "lpips": 0.140625
    },
    {
      "view": 1,
      "psnr": 19.201229095458984,
      "ssim": 0.9012920260429382,
      "lpips": 0.123046875
    },
    {
      "view": 2,
      "psnr": 18.381261825561523,
      "ssim": 0.898912250995636,
      "lpips": 0.15234375
    },
    {
      "view": 3,
      "psnr": 18.414297103881836,
      "ssim": 0.8961706161499023,
      "lpips": 0.15234375
    }
  ]
}