{
  "step": 23,
  "envmap_name": "Megaphone_01_white_env_0",
  "psnr": 12.857004165649414,
  "ssim": 0.8035621643066406,
  "lpips": 0.421875,
  "per_view": [
    {
      "view": 0,
      "psnr": 12.924670219421387,
      "ssim": 0.761167049407959,
      "lpips": 0.56640625
    },
    {
      "view": 1,
      "psnr": 12.896462440490723,
      "ssim": 0.818396270275116,
      "lpips": 0.404296875
    },
    {
      "view": 2,
      "psnr": 12.770639419555664,
      "ssim": 0.8189316391944885,
      "lpips": 0.38671875
    },
    {
      "view": 3,
      "psnr": 12.836246490478516,
      "ssim": 0.8157535195350647,
      "lpips": 0.33203125
    }
  ]
}