{
  "step": 40,
  "envmap_name": "dining_chair_02_env_2",
  "psnr": 14.88041877746582,
  "ssim": 0.8229371309280396,
  "lpips": 0.1953125,
  "per_view": [
    {
      "view": 0,
      "psnr": 15.323771476745605,
      "ssim": 0.8375127911567688,
      "lpips": 0.1845703125
    },
    {
      "view": 1,
      "psnr": 14.929102897644043,
      "ssim": 0.8159895539283752,
      "lpips": 0.19140625
    },
    {
      "view": 2,
      "psnr": 14.641283988952637,
      "ssim": 0.8186424374580383,
      "lpips": 0.20703125
    },
    {
      "view": 3,
      "psnr": 14.627517700195312,
      "ssim": 0.8196037411689758,
      "lpips": 0.197265625
    }
  ]
}